0.jpg,1697.56,518.03,1704.79,637.31,1701.17,684.3,1379.88,635.28,1365.02,674.66,1343.34,691.53
1.jpg,1688.47,502.92,1698.59,620.03,1697.15,673.53,1406.54,627.26,1367.51,672.08,1344.37,690.88
2.jpg,1685.23,510.83,1698.78,608.72,1701.79,646.37,1403.6,643.36,1367.46,693.06,1361.43,714.14
3.jpg,1682.59,505.64,1701.42,602.27,1703.93,639.92,1415.27,658.75,1375.11,703.93,1353.78,717.73
4.jpg,1681.34,504.38,1702.67,592.23,1703.93,629.88,1417.78,656.24,1382.64,715.22,1356.29,720.24
5.jpg,1673.81,493.08,1701.42,584.7,1701.42,621.1,1421.55,663.77,1386.41,717.73,1363.82,721.5
6.jpg,1675.06,486.81,1698.91,577.17,1702.67,617.33,1430.33,665.02,1392.68,713.97,1370.09,724.01
7.jpg,1666.28,476.77,1688.87,567.13,1693.89,608.55,1441.63,672.55,1392.68,716.48,1370.09,720.24
8.jpg,1659.17,456.76,1690.8,568.21,1689.29,604.36,1431.76,670.62,1392.61,715.8,1370.02,727.85
9.jpg,1649.84,461.46,1671.17,559.35,1678.7,595.75,1460.33,662.26,1417.66,713.72,1398.83,717.48
10.jpg,1633.52,448.91,1657.37,556.84,1659.88,599.51,1474.13,664.77,1432.72,709.95,1415.15,722.5
11.jpg,1632.27,470.24,1649.84,559.35,1653.6,602.02,1482.92,666.03,1433.97,714.97,1422.68,722.5
12.jpg,1624.74,460.2,1648.58,564.37,1648.58,610.81,1481.66,676.07,1441.5,717.48,1430.21,722.5
13.jpg,1623.48,456.44,1639.8,566.88,1641.05,610.81,1499.24,669.79,1451.54,717.48,1435.23,722.5
14.jpg,1623.48,479.03,1636.03,571.9,1634.78,617.08,1495.47,667.28,1457.82,713.72,1440.25,722.5
15.jpg,1615.95,465.22,1633.52,579.43,1629.76,624.61,1499.24,669.79,1462.84,713.72,1445.27,721.25
16.jpg,1623.48,499.11,1632.27,590.73,1624.74,629.63,1513.04,672.3,1471.62,714.97,1452.8,722.5
17.jpg,1623.48,509.15,1629.76,589.47,1620.97,634.65,1514.3,669.79,1475.39,716.23,1451.54,722.5
18.jpg,1618.46,502.87,1624.74,598.26,1615.95,642.18,1514.29,666.03,1480.41,716.23,1465.35,722.5
19.jpg,1618.46,519.19,1620.97,607.04,1613.44,649.71,1530.61,661.01,1496.72,713.72,1482.92,722.5
20.jpg,1610.93,524.21,1614.7,619.59,1612.19,659.75,1531.87,645.95,1508.02,712.46,1494.21,722.5
21.jpg,1609.68,539.27,1608.42,627.12,1605.91,659.75,1543.16,644.69,1520.57,712.46,1499.24,719.99
22.jpg,1608.42,549.31,1607.17,633.4,1599.64,668.54,1541.91,634.65,1520.57,713.72,1505.51,719.99
23.jpg,1503,722.5,1605.91,634.65,1594.62,664.77,1543.16,640.93,1521.83,717.48,1612.19,559.35
24.jpg,1609.68,570.65,1597.13,633.4,1589.6,666.03,1548.18,632.14,1528.1,723.76,1509.28,728.78
25.jpg,1613.44,563.12,1598.38,637.16,1588.34,667.28,1555.71,632.14,1538.14,722.5,1513.04,727.52
26.jpg,1617.16,574.54,1600.59,637.79,1590.05,663.39,1555.41,640.65,1541.86,718.96,1520.77,725.14
27.jpg,1612.64,586.43,1597.58,630.11,1588.54,645.32,1574.99,615.05,1561.43,696.52,1553.9,723.63
28.jpg,1614.14,604.51,1593.06,636.28,1582.52,649.69,1587.04,584.93,1585.53,672.43,1573.48,711.43
29.jpg,1614.19,582.67,1585.96,627.64,1575.5,640.19,1590.14,566.99,1582.82,659.02,1579.68,691.44
30.jpg,1618.38,583.72,1595.37,629.74,1583.87,643.33,1598.51,558.62,1584.91,621.37,1584.91,675.75
31.jpg,1625.7,599.41,1603.74,632.87,1592.23,644.38,1604.78,550.25,1598.51,615.09,1588.05,636.01
32.jpg,1622.1,608.92,1602.02,634.02,1590.73,649.08,1614.57,553.7,1605.79,617.71,1598.26,631.51
33.jpg,1638.42,607.67,1619.59,646.57,1608.3,664.14,1643.44,518.56,1642.18,576.29,1644.69,611.43
34.jpg,1643.44,618.96,1620.85,662.89,1608.3,669.16,1645.95,503.5,1650.97,565,1647.2,597.63
35.jpg,1653.48,630.26,1625.87,674.18,1614.57,686.74,1666.03,473.38,1658.5,553.7,1650.97,587.59
36.jpg,1653.48,634.02,1628.38,686.74,1613.32,696.78,1667.28,464.6,1664.77,537.39,1657.24,578.8
37.jpg,1658.5,637.79,1627.12,694.26,1613.32,705.56,1664.77,464.6,1664.77,531.11,1654.73,567.51
38.jpg,1661.01,639.04,1633.4,696.78,1610.81,711.83,1671.05,452.05,1666.03,511.03,1653.48,558.72
39.jpg,1666.03,642.81,1638.42,698.03,1629.63,705.56,1658.5,453.3,1667.28,529.86,1662.26,554.96
40.jpg,1668.54,644.06,1647.2,695.52,1632.14,706.82,1666.03,453.3,1668.54,521.07,1663.52,549.94
41.jpg,1676.07,654.1,1650.97,699.29,1633.4,708.07,1661.01,452.05,1663.52,513.54,1663.52,552.45
42.jpg,1687.36,662.89,1664.77,701.79,1650.97,711.83,1659.75,458.32,1663.52,516.05,1663.52,547.43
43.jpg,1684.85,661.63,1669.79,703.05,1650.97,715.6,1647.2,443.26,1666.03,513.54,1666.03,548.68
44.jpg,1698.66,661.63,1678.58,700.54,1661.01,714.35,1647.2,439.5,1661.01,517.31,1666.03,547.43
45.jpg,1699.91,651.59,1681.09,703.05,1667.28,710.58,1650.97,445.77,1658.5,514.8,1659.75,553.7
46.jpg,1708.7,651.59,1687.36,699.29,1669.79,713.09,1650.97,431.97,1657.24,518.56,1655.99,557.47
47.jpg,1711.21,662.89,1696.15,705.56,1674.81,710.58,1634.65,430.71,1645.95,519.82,1650.97,558.72
48.jpg,1718.74,660.38,1706.19,701.79,1688.62,708.07,1634.65,449.54,1638.42,523.58,1638.42,566.25
49.jpg,1731.29,670.42,1707.44,703.05,1688.62,713.09,1627.12,453.3,1633.4,529.86,1635.91,568.76
50.jpg,1726.27,667.91,1712.46,700.54,1699.91,710.58,1613.32,440.75,1618.34,537.39,1620.85,575.04
51.jpg,1737.56,655.36,1723.76,698.03,1716.23,710.58,1602.02,439.5,1605.79,539.9,1602.02,578.8
52.jpg,1754.41,635,1733.49,695.05,1722.16,702.11,1596.57,446.57,1587.94,543.4,1585.33,586.98
53.jpg,1763.04,633.08,1739.5,696.71,1725.56,709.78,1583.5,445.7,1580.88,544.19,1575.66,589.51
54.jpg,1770.88,627.85,1749.96,693.22,1741.25,703.68,1583.5,450.93,1574.78,551.16,1570.43,592.99
55.jpg,1772.62,623.5,1755.19,691.48,1745.61,703.68,1566.07,457.03,1562.58,553.77,1558.22,595.61
56.jpg,1776.11,620.88,1758.68,688.86,1744.73,704.55,1563.45,467.49,1551.25,556.39,1545.15,598.22
57.jpg,1782.21,616.52,1767.39,690.6,1756.94,704.55,1566.25,461.43,1546.02,558.13,1533.82,596.48
58.jpg,1791.45,614.78,1770.53,687.99,1760.95,701.06,1538.7,486.66,1522.14,561.62,1515.17,586.89
59.jpg,1808.41,592.82,1782.26,689.04,1767.62,707.86,1523.94,488.23,1500.93,566.67,1494.65,592.82
60.jpg,1812.59,601.18,1793.77,673.35,1782.26,709.95,1512.43,499.74,1484.2,569.81,1474.78,594.91
61.jpg,1825.14,543.66,1812.59,650.34,1804.23,686.94,1498.84,500.78,1468.51,562.49,1457,579.22
62.jpg,1826.19,534.25,1818.87,634.65,1809.46,671.26,1496.75,501.83,1461.19,562.49,1447.59,585.5
63.jpg,1830.76,527.28,1823.78,621.4,1816.78,659.75,1491.73,506.36,1464.71,555.17,1443.79,578.7
64.jpg,1832.5,524.66,1830.76,604.84,1825.53,646.68,1489.11,512.46,1456.86,553.42,1443.79,571.73
65.jpg,1839.47,472.37,1838.6,597,1835.11,629.25,1499.57,507.23,1465.58,558.65,1444.66,574.34
66.jpg,1842.09,461.04,1845.57,577.83,1842.09,618.79,1506.54,508.1,1469.07,557.78,1443.79,578.7
67.jpg,1846.44,455.81,1855.16,560.4,1849.93,598.74,1508.05,505.83,1467.2,555.26,1443.79,574.34
68.jpg,1845.73,431.74,1857.06,548.88,1857.06,585.92,1497.21,518.49,1472.5,557.33,1450.81,569.43
69.jpg,1844.21,407.53,1862.37,532.11,1863.38,564.89,1503.26,510.92,1477.04,561.87,1452.83,573.47
70.jpg,1846.23,409.04,1867.41,515.97,1871.95,553.8,1505.28,515.97,1483.09,565.4,1459.89,574.98
71.jpg,1842.2,387.36,1869.93,499.83,1872.96,539.67,1527.47,529.08,1489.14,573.47,1464.43,582.54
72.jpg,1840.18,370.71,1869.93,480.66,1875.99,524.54,1527.47,530.09,1497.71,586.08,1470.98,594.65
73.jpg,1843.77,375.44,1872.82,472.04,1880.81,511.26,1527.11,541.03,1507.5,596.23,1482.08,600.59
74.jpg,1839.41,358.74,1867.74,456.78,1875.73,499.64,1531.25,559.75,1509.24,607.42,1490.07,619.47
75.jpg,1834.78,346.25,1865.3,448.18,1872.62,488.96,1537.91,565.85,1520.86,620.56,1501.98,640.17
76.jpg,1834.33,341.23,1865.56,445.82,1871.37,480.68,1550.35,575.1,1527.84,634.65,1514.76,650.63
77.jpg,1827.79,332.52,1856.84,433.47,1861.2,471.24,1557.61,584.54,1540.18,644.82,1521.3,654.26
78.jpg,1828.52,331.06,1851.03,426.21,1856.12,466.88,1572.87,591.07,1550.35,644.09,1527.84,654.26
79.jpg,1815.07,329.09,1845.57,419.73,1846.68,463.25,1582.37,592.29,1557.09,645.46,1535.3,661.15
80.jpg,1817.68,323.86,1840.34,414.5,1842.96,458.95,1591.08,592.29,1564.06,647.2,1540.53,662.89
81.jpg,1809.84,313.4,1829.01,417.99,1835.98,456.33,1610.26,597.68,1571.91,648.07,1545.76,662.02
82.jpg,1808.62,305.5,1827.5,414.44,1826.63,455.4,1618.98,595.96,1584.94,646.4,1555.14,658.47
83.jpg,1805.26,322.58,1815.8,414.45,1820.32,455.11,1624.54,599.69,1594.42,649.39,1568.81,656.92
84.jpg,1802.25,327.1,1812.79,421.98,1811.28,459.63,1633.57,595.17,1594.42,650.89,1568.81,658.42
85.jpg,1794.72,327.1,1809.78,421.98,1803.75,462.64,1641.1,602.7,1598.93,650.89,1582.37,664.45
86.jpg,1790.42,316.92,1805.06,423.6,1801.92,470.66,1654.46,598.26,1612.63,649.5,1584.39,663.1
87.jpg,1784.15,328.43,1798.79,438.24,1790.42,484.26,1663.87,600.35,1628.31,649.5,1602.17,658.92
88.jpg,1779.96,348.3,1785.19,446.61,1787.28,491.58,1671.19,594.07,1633.54,653.69,1603.21,658.92
89.jpg,1776.89,350.18,1784.74,452.15,1783,500.96,1675.79,589.85,1640.06,649.12,1612.26,660.45
90.jpg,1771.75,355.41,1783,461.74,1772.62,507.06,1682.85,587.24,1645.29,651.73,1617.4,661.32
91.jpg,1772.59,354.96,1774.05,468.26,1767.31,508.8,1685.44,595.36,1654.94,649.83,1630.97,658.55
92.jpg,1766.06,381.11,1769.69,476.98,1766.06,516.19,1686.89,582.29,1656.39,648.38,1635.33,658.55
93.jpg,1758.59,387.4,1762.43,492.95,1752.99,529.27,1693.23,569.55,1649.65,652.34,1667.08,643.63
94.jpg,1757.72,403.08,1755.11,494.59,1743.78,527.71,1694.97,574.78,1674.05,640.14,1654.88,652.34
95.jpg,1747.26,414.41,1743.78,502.44,1735.93,532.94,1696.71,584.36,1677.54,647.11,1653.14,653.22
96.jpg,1744.74,410.68,1740.5,508.73,1728.09,538.17,1696.32,559.57,1678.77,646.72,1657.59,655.19
97.jpg,1738.08,412.49,1726.58,512.96,1718.72,536.57,1693.9,551.7,1684.22,642.48,1661.82,652.77
98.jpg,1733.85,429.44,1720.53,515.99,1714.48,539.59,1698.14,531.12,1687.24,643.69,1663.64,652.17
99.jpg,1724.95,430.17,1711.03,519.74,1702.56,542.13,1698.32,510.06,1694.69,646.84,1671.69,651.68
100.jpg,1718.9,435.61,1700.74,523.98,1683.79,542.74,1700.38,493.66,1706.61,640.62,1701.95,655.92
101.jpg,1703.93,453.3,1692.99,532.61,1678.59,548.13,1693.47,481.54,1704.97,637.37,1703.93,664.56
102.jpg,1704.97,470.04,1686.15,532.79,1672.55,553.7,1691.38,503.5,1708.11,632.14,1701.84,661.43
103.jpg,1703.3,474.99,1682.07,532.82,1664.19,549.52,1706.31,490.05,1712.34,606.01,1706.31,645.17
104.jpg,1691.25,485.53,1674.69,530.71,1658.12,536.74,1715.35,496.07,1710.83,590.95,1697.28,634.63
105.jpg,1692.76,490.05,1667.16,530.71,1649.08,544.26,1719.87,481.01,1706.31,577.4,1695.77,618.06
106.jpg,1691.25,464.45,1662.64,530.71,1646.07,550.29,1718.36,458.42,1707.82,551.79,1697.28,599.99
107.jpg,1686.74,473.48,1661.13,530.71,1647.58,541.25,1721.37,438.84,1712.34,533.72,1706.31,575.89
108.jpg,1682.22,462.94,1653.6,527.7,1640.05,548.78,1725.89,408.72,1716.86,509.63,1716.86,557.82
109.jpg,1673.18,485.53,1647.58,523.18,1629.51,533.72,1727.4,375.59,1713.84,484.02,1710.83,518.66
110.jpg,1683.72,470.47,1646.07,526.19,1628,530.71,1731.92,356.01,1716.86,452.4,1718.36,500.59
111.jpg,1677.7,478,1655.11,520.17,1638.54,539.75,1733.42,353,1719.87,443.36,1716.86,485.53
112.jpg,1676.19,481.01,1649.08,530.71,1632.52,544.26,1734.93,316.86,1724.39,419.26,1724.39,473.48
113.jpg,1685.23,488.54,1655.11,539.75,1637.04,550.29,1733.42,321.37,1724.39,407.22,1724.39,447.88
114.jpg,1691.25,497.58,1664.14,551.79,1641.55,569.87,1733.42,289.75,1725.89,395.17,1724.39,428.3
115.jpg,1697.28,514.14,1661.13,565.35,1646.07,584.93,1728.9,286.73,1733.42,371.07,1727.4,417.76
116.jpg,1697.28,517.16,1667.16,580.41,1646.07,596.98,1733.42,271.67,1736.43,353,1728.9,401.19
117.jpg,1700.29,530.71,1674.69,595.47,1659.63,615.05,1740.95,246.07,1745.47,325.89,1733.42,378.6
118.jpg,1700.16,541.4,1666.28,607.92,1652.47,624.24,1720.24,247.73,1698.91,315.5,1687.61,353.15
119.jpg,1693.89,552.7,1663.77,609.17,1646.2,624.24,1720.24,228.9,1702.67,300.44,1686.36,334.33
120.jpg,1696.4,561.48,1667.53,611.68,1652.47,624.24,1720.24,210.08,1703.93,271.57,1691.38,305.46
121.jpg,1695.14,558.97,1675.06,612.94,1652.47,630.51,1716.48,217.61,1695.14,282.87,1685.1,306.71
122.jpg,1698.91,558.97,1672.55,615.45,1652.47,633.02,1701.42,245.22,1690.12,316.76,1680.08,345.62
123.jpg,1700.16,571.52,1686.36,615.45,1672.55,633.02,1685.1,238.94,1687.61,312.99,1677.57,351.9
124.jpg,1705.18,569.01,1692.63,617.96,1683.85,631.76,1673.81,237.69,1678.83,320.52,1672.55,355.66
125.jpg,1717.73,576.54,1702.67,621.72,1687.61,639.3,1662.51,237.69,1673.81,321.78,1677.57,366.96
126.jpg,1720.24,565.25,1705.18,616.71,1687.61,635.53,1657.49,236.43,1675.06,331.82,1677.57,373.23
127.jpg,1722.75,574.03,1708.95,620.47,1696.4,635.53,1647.45,240.2,1678.83,345.62,1690.12,384.53
128.jpg,1725.26,575.29,1725.26,617.96,1715.22,631.76,1654.98,257.77,1666.28,360.68,1672.55,399.59
129.jpg,1739.07,574.03,1722.75,624.24,1706.44,639.3,1652.47,262.79,1662.51,378.25,1662.51,414.65
130.jpg,1740.32,569.01,1731.54,622.98,1715.22,639.29,1644.94,272.83,1651.22,385.78,1656.24,427.2
131.jpg,1747.85,574.03,1735.3,624.24,1710.2,635.53,1637.41,292.91,1636.16,402.1,1641.18,443.51
132.jpg,1756.64,575.29,1746.6,621.72,1732.79,639.29,1638.67,309.22,1632.39,415.9,1626.12,452.3
133.jpg,1767.93,566.5,1750.36,621.72,1734.05,640.55,1621.1,311.74,1622.35,420.92,1623.61,468.61
134.jpg,1765.42,556.46,1749.11,617.96,1720.24,631.76,1602.27,312.99,1602.27,430.96,1604.78,478.65
135.jpg,1777.97,557.72,1760.4,625.49,1725.26,635.53,1589.72,331.82,1590.98,452.3,1589.72,499.99
136.jpg,1782.99,548.93,1769.19,620.47,1737.81,631.76,1587.21,335.58,1573.41,457.32,1575.92,506.26
137.jpg,1790.53,547.68,1770.44,619.21,1747.85,631.76,1575.92,358.17,1560.86,471.12,1559.6,510.03
138.jpg,1804.33,523.83,1788.01,624.24,1757.89,641.81,1549.56,371.98,1533.25,483.67,1521.95,526.34
139.jpg,1803.08,526.34,1788.01,619.21,1765.42,645.57,1537.01,382.02,1516.93,482.42,1503.13,531.36
140.jpg,1810.61,516.3,1791.78,616.71,1769.19,649.33,1529.48,393.31,1508.15,491.2,1490.58,536.38
141.jpg,1822.42,511.55,1801.51,620.32,1782.99,649.34,1517.04,400.7,1482.52,493.78,1465.79,537.7
142.jpg,1824.52,493.78,1807.78,617.19,1788.96,648.56,1506.58,397.56,1469.97,491.68,1453.24,524.11
143.jpg,1827.65,496.91,1813.01,610.91,1802.55,651.7,1488.8,408.02,1459.51,492.73,1430.23,527.24
144.jpg,1830.79,479.13,1824.52,600.45,1814.06,645.42,1482.52,413.25,1443.83,488.55,1412.45,516.78
145.jpg,1838.11,474.95,1833.93,578.49,1819.29,628.69,1472.06,410.11,1428.14,489.59,1399.9,512.6
146.jpg,1838.11,447.76,1833.93,562.8,1822.42,614.05,1453.24,423.7,1413.5,484.36,1391.53,510.51
147.jpg,1846.62,434.37,1842.26,559,1836.02,599.41,1463.14,430.89,1404.75,476.21,1376.86,505.84
148.jpg,1846.62,418.68,1842.26,538.96,1830.93,580.79,1443.96,428.27,1400.39,481.43,1371.63,498.87
149.jpg,1847.49,401.25,1848.36,522.4,1844.87,564.23,1440.48,428.27,1400.39,479.69,1366.4,491.89
150.jpg,1851.85,393.41,1853.59,505.84,1844.87,546.8,1430.02,432.63,1401.26,476.21,1364.66,489.28
151.jpg,1849.23,359.42,1856.2,478.82,1848.36,527.63,1425.66,433.5,1393.42,479.69,1363.78,492.76
152.jpg,1848.36,351.58,1864.05,466.62,1862.31,509.32,1423.05,433.5,1396.03,478.82,1363.78,487.54
153.jpg,1845.75,339.37,1867.53,453.54,1871.89,492.76,1422.18,437.86,1395.16,479.69,1363.78,484.92
154.jpg,1844.87,326.3,1868.41,433.5,1873.64,479.69,1423.92,439.6,1398.65,483.18,1363.78,488.41
155.jpg,1842.26,294.05,1873.64,415.2,1879.74,455.29,1425.66,443.09,1395.16,493.64,1365.53,492.76
156.jpg,1834.78,296.52,1873.93,400.44,1879.96,445.62,1425.14,456.16,1396.52,502.85,1363.39,513.39
157.jpg,1830.26,282.97,1866.4,386.89,1875.44,430.56,1423.63,462.19,1407.07,516.4,1373.93,520.92
158.jpg,1819.72,255.86,1869.42,377.85,1873.93,420.02,1434.17,469.72,1408.57,529.96,1370.92,535.98
159.jpg,1813.69,252.85,1860.38,356.76,1870.92,404.96,1437.19,490.8,1408.57,543.51,1384.48,554.05
160.jpg,1810.68,237.79,1855.86,349.24,1869.42,391.4,1438.69,499.84,1419.11,560.08,1392.01,576.64
161.jpg,1804.66,237.79,1843.81,346.22,1858.87,380.86,1446.22,516.4,1419.11,578.15,1390.5,599.24
162.jpg,1792.61,225.74,1837.79,329.66,1849.84,376.34,1444.72,528.45,1425.14,602.25,1392.01,623.33
163.jpg,1779.05,221.22,1830.26,331.16,1840.8,376.34,1459.78,540.5,1437.19,606.76,1417.61,618.81
164.jpg,1774.54,227.25,1825.74,328.15,1830.26,364.29,1477.85,554.05,1438.69,611.28,1413.09,627.85
165.jpg,1774.54,225.74,1813.69,325.14,1818.21,364.29,1497.43,554.05,1452.25,611.28,1426.64,626.34
166.jpg,1765.5,218.21,1803.15,311.58,1810.68,368.81,1503.45,566.1,1467.31,611.28,1426.64,627.85
167.jpg,1751.95,212.19,1791.1,319.11,1801.64,368.81,1524.54,549.54,1471.83,615.8,1441.71,626.34
168.jpg,1745.47,208.42,1784.63,318.36,1792.61,374.84,1543.66,559.33,1483.42,612.04,1448.78,624.08
169.jpg,1746.98,217.46,1780.11,331.92,1775.59,374.08,1542.16,563.84,1486.43,615.05,1456.31,624.08
170.jpg,1730.41,217.46,1768.06,333.42,1771.07,377.1,1548.18,562.34,1498.48,612.04,1471.37,624.08
171.jpg,1727.4,231.01,1762.04,343.96,1766.55,393.66,1558.72,559.33,1510.53,612.04,1481.92,624.08
172.jpg,1724.39,240.05,1754.51,349.99,1751.49,398.18,1564.75,550.29,1513.54,610.53,1484.93,627.1
173.jpg,1713.84,241.55,1739.45,359.02,1740.95,414.75,1569.26,554.81,1527.1,609.02,1498.48,624.08
174.jpg,1703.3,255.11,1733.42,384.63,1733.42,431.31,1588.84,554.81,1536.13,615.05,1515.05,625.59
175.jpg,1698.78,268.66,1722.88,387.64,1722.88,437.34,1585.83,556.31,1545.17,615.05,1519.57,621.07
176.jpg,1698.78,285.23,1713.84,401.19,1712.34,446.37,1593.36,559.33,1546.67,616.55,1525.59,625.59
177.jpg,1691.25,291.25,1704.81,408.72,1701.79,458.42,1600.89,542.76,1560.23,612.04,1537.64,627.1
178.jpg,1688.24,301.79,1701.79,416.25,1688.24,468.96,1608.42,542.76,1567.76,609.02,1542.16,621.07
179.jpg,1671.67,307.82,1689.75,428.3,1679.21,479.51,1605.41,529.21,1573.78,609.02,1551.19,616.55
180.jpg,1661.13,318.36,1676.19,437.34,1664.14,485.53,1615.95,518.66,1582.82,609.02,1557.22,625.59
181.jpg,1662.64,337.94,1665.65,441.86,1653.6,494.57,1615.95,521.67,1582.82,612.04,1561.74,619.57
182.jpg,1659.63,325.89,1655.11,461.43,1646.07,494.57,1611.43,520.17,1596.37,615.05,1561.74,630.11
183.jpg,1644.57,337.94,1644.57,458.42,1628,505.11,1611.43,520.17,1596.37,615.05,1572.28,627.1
184.jpg,1640.05,360.53,1641.55,470.47,1612.94,512.64,1615.95,500.59,1602.4,607.52,1576.79,624.08
185.jpg,1641.55,383.12,1628,481.01,1608.42,515.65,1612.94,471.98,1615.95,609.02,1599.39,625.59
186.jpg,1628,389.14,1621.98,484.02,1593.36,509.63,1612.94,443.36,1618.96,604.51,1600.89,625.59
187.jpg,1621.98,389.14,1606.92,481.01,1579.81,521.67,1599.39,434.33,1620.47,601.49,1609.93,628.6
188.jpg,1615.95,401.19,1597.88,488.54,1579.81,518.66,1631.01,453.9,1626.49,586.43,1611.43,622.58
189.jpg,1612.94,402.7,1590.35,491.55,1573.78,515.65,1634.02,453.9,1624.99,578.9,1623.48,619.57
190.jpg,1605.41,404.21,1582.82,485.53,1557.22,517.16,1637.04,438.84,1634.02,551.79,1628,601.49
191.jpg,1600.89,405.71,1573.78,482.52,1549.69,505.11,1643.06,422.28,1643.06,535.23,1629.51,590.95
192.jpg,1591.86,408.72,1573.78,482.52,1540.65,514.14,1635.53,398.18,1628,518.66,1623.48,565.35
193.jpg,1594.87,414.75,1567.76,474.99,1548.18,496.07,1640.05,383.12,1640.05,500.59,1628,548.78
194.jpg,1593.36,411.73,1557.22,470.47,1530.11,484.02,1643.06,346.98,1640.05,474.99,1634.02,530.71
195.jpg,1593.36,411.74,1555.71,465.95,1533.12,474.99,1640.05,348.48,1641.55,464.45,1649.08,509.63
196.jpg,1573.78,420.77,1545.17,462.94,1525.59,468.96,1649.08,319.87,1656.61,446.37,1650.59,494.57
197.jpg,1590.35,398.18,1551.19,449.39,1518.06,465.95,1653.6,309.33,1653.6,426.79,1652.1,476.49
198.jpg,1588.84,410.23,1548.18,455.41,1533.12,464.45,1646.07,298.78,1658.12,411.74,1665.65,455.41
199.jpg,1584.33,414.75,1548.18,461.43,1534.63,468.96,1650.59,289.75,1664.14,392.16,1661.13,438.84
200.jpg,1584.33,420.77,1549.69,467.46,1534.63,478,1662.64,280.71,1662.64,378.6,1667.16,420.77
201.jpg,1594.87,423.78,1552.7,476.49,1536.13,493.06,1661.13,232.52,1668.66,356.01,1668.66,395.17
202.jpg,1596.37,441.86,1560.23,487.04,1543.66,503.6,1668.66,244.57,1670.17,348.48,1673.18,386.13
203.jpg,1606.92,449.39,1570.77,497.58,1555.71,518.66,1668.66,208.42,1674.69,328.9,1671.67,368.06
204.jpg,1606.92,459.93,1578.3,520.17,1563.24,536.74,1662.64,197.88,1674.69,319.87,1679.21,359.02
205.jpg,1603.9,481.01,1573.78,545.77,1557.22,572.88,1670.17,181.31,1674.69,306.31,1676.19,349.99
206.jpg,1612.7,492.04,1563.9,567.94,1531.37,595.05,1672.34,186.61,1672.34,295.05,1666.92,340.23
207.jpg,1612.7,504.69,1571.13,576.98,1549.45,595.05,1675.95,179.39,1679.57,278.78,1679.57,323.96
208.jpg,1616.31,510.11,1580.17,576.98,1554.87,593.24,1674.14,170.35,1686.79,271.55,1686.79,323.96
209.jpg,1620.47,512.64,1585.83,572.88,1556.67,596.86,1671.67,161.74,1679.21,264.14,1689.75,313.84
210.jpg,1628,517.16,1594.87,581.92,1563.24,598.48,1667.16,160.23,1685.23,255.11,1688.24,304.81
211.jpg,1631.01,515.65,1606.92,583.42,1582.82,599.99,1664.14,139.14,1677.7,249.08,1688.24,301.8
212.jpg,1649.08,527.7,1626.49,581.92,1606.92,603,1661.13,160.23,1679.21,255.11,1686.74,300.29
213.jpg,1658.12,529.21,1637.04,581.92,1614.45,599.99,1658.12,161.74,1664.14,244.57,1664.14,291.25
214.jpg,1668.66,527.7,1653.6,581.92,1634.02,599.99,1635.53,157.22,1658.12,249.08,1656.61,292.76
215.jpg,1694.26,524.69,1670.17,583.42,1649.08,604.51,1597.88,214.45,1628,342.46,1634.02,381.61
216.jpg,1716.86,530.71,1691.25,589.45,1673.18,599.99,1585.83,224.99,1605.41,365.05,1614.45,414.75
217.jpg,1727.4,524.69,1703.3,584.93,1679.21,599.99,1581.31,224.99,1597.88,377.1,1597.88,431.31
218.jpg,1734.93,524.69,1712.34,581.92,1685.23,603,1575.29,229.51,1576.79,396.67,1584.33,446.37
219.jpg,1749.99,515.65,1727.4,584.93,1716.86,603,1569.26,267.16,1564.75,407.22,1563.24,458.42
220.jpg,1757.52,502.1,1743.96,586.43,1698.78,603,1554.21,265.65,1543.66,413.24,1540.65,470.47
221.jpg,1768.06,500.59,1753,580.41,1712.34,598.48,1540.65,295.77,1531.61,429.81,1522.58,487.04
222.jpg,1775.59,481.01,1766.55,583.42,1712.34,604.51,1519.57,315.35,1515.05,441.86,1509.02,497.58
223.jpg,1786.13,485.53,1774.08,583.42,1734.93,601.49,1507.52,336.43,1495.47,449.39,1490.95,508.12
224.jpg,1793.66,482.52,1781.61,586.43,1740.95,606.01,1498.48,331.92,1481.92,461.43,1465.35,518.66
225.jpg,1804.21,459.93,1787.64,583.42,1757.52,609.02,1478.9,346.98,1456.31,473.48,1447.28,523.18
226.jpg,1814.75,452.4,1796.67,583.42,1774.08,607.52,1456.31,365.05,1441.25,473.48,1423.18,530.71
227.jpg,1822.28,464.45,1811.74,583.42,1793.66,610.53,1441.25,368.06,1420.17,481.01,1402.1,527.7
228.jpg,1831.31,443.36,1820.77,575.89,1808.72,613.54,1423.18,377.1,1397.58,484.02,1371.98,530.71
229.jpg,1838.84,434.33,1835.83,569.87,1823.78,612.04,1402.1,387.64,1373.48,487.04,1347.88,533.72
230.jpg,1852.4,416.25,1843.36,557.82,1829.81,604.51,1385.53,395.17,1355.41,482.52,1328.3,527.7
231.jpg,1856.92,401.19,1856.92,538.24,1847.88,586.43,1394.57,386.13,1341.86,478,1308.72,518.66
232.jpg,1862.94,381.61,1871.98,511.13,1865.95,566.86,1374.99,396.67,1320.77,473.48,1289.14,508.12
233.jpg,1873.48,365.05,1881.01,500.59,1873.48,545.77,1370.47,396.67,1319.26,467.46,1268.06,490.05
234.jpg,1870.47,333.42,1891.55,476.49,1890.05,518.66,1346.37,395.17,1295.17,461.43,1253,476.49
235.jpg,1873.48,316.86,1902.1,452.4,1899.08,506.61,1347.88,395.17,1287.64,447.88,1234.93,465.95
236.jpg,1884.02,292.76,1908.12,431.31,1903.6,481.01,1334.33,392.16,1268.06,440.35,1222.88,449.39
237.jpg,1882.52,262.64,1909.63,390.65,1912.64,462.94,1332.82,389.14,1263.54,437.34,1210.83,450.89
238.jpg,1878,253.6,1911.13,380.11,1917.16,434.33,1322.28,389.14,1254.51,438.84,1209.33,441.86
239.jpg,1871.98,223.48,1917.16,346.98,1917.16,416.25,1314.75,386.13,1256.01,431.31,1209.33,446.37
240.jpg,1844.87,137.64,1903.6,244.57,1917.16,292.76,1378,455.41,1332.82,535.23,1281.61,553.3
241.jpg,1820.77,127.1,1885.53,224.99,1909.63,282.22,1384.02,476.49,1343.36,553.3,1298.18,581.92
242.jpg,1816.25,125.59,1871.98,217.46,1902.1,274.69,1391.55,497.58,1349.39,568.36,1308.72,586.43
243.jpg,1799.69,112.04,1862.94,223.48,1881.01,276.19,1417.16,505.11,1365.95,566.86,1329.81,589.45
244.jpg,1789.14,124.08,1841.86,217.46,1864.45,274.69,1433.72,515.65,1381.01,571.37,1341.86,587.94
245.jpg,1786.13,118.06,1835.83,217.46,1850.89,270.17,1457.82,515.65,1400.59,574.39,1358.42,589.45
246.jpg,1774.08,110.53,1823.78,214.45,1834.33,277.7,1469.87,526.19,1415.65,575.89,1370.47,590.95
247.jpg,1760.53,121.07,1813.24,229.51,1816.25,285.23,1490.95,526.19,1427.7,578.9,1390.05,590.95
248.jpg,1745.47,113.54,1793.66,237.04,1805.71,289.75,1518.06,524.69,1445.77,581.92,1396.07,596.98
249.jpg,1728.9,131.61,1774.08,249.08,1789.14,307.82,1418.66,595.47,1465.35,577.4,1519.57,520.17
250.jpg,1710.83,127.1,1763.54,267.16,1778.6,322.88,1527.1,535.23,1456.31,587.94,1418.66,598.48
251.jpg,1713.84,146.67,1749.99,286.74,1760.53,334.93,1542.16,536.74,1477.4,590.95,1441.25,596.98
252.jpg,1700.29,167.76,1734.93,301.79,1742.46,354.51,1557.22,536.74,1496.98,584.93,1456.31,601.49
253.jpg,1689.75,184.33,1722.88,315.35,1724.39,371.07,1566.25,524.69,1507.52,590.95,1468.36,604.51
254.jpg,1682.22,190.35,1710.83,331.92,1703.3,387.64,1572.28,529.21,1513.54,595.47,1478.9,603
255.jpg,1674.69,208.42,1689.75,353,1686.74,405.71,1597.88,532.22,1537.64,592.46,1490.95,607.52
256.jpg,1658.12,231.01,1677.7,362.04,1671.67,416.25,1599.39,526.19,1546.67,592.46,1512.04,606.01
257.jpg,1635.53,235.53,1656.61,375.59,1647.58,425.29,1594.87,533.72,1554.21,596.98,1513.54,612.04
258.jpg,1628,256.61,1643.06,383.12,1628,449.39,1615.95,511.13,1564.75,592.46,1525.59,609.02
259.jpg,1621.98,259.63,1624.99,398.18,1612.94,450.89,1608.42,506.61,1573.78,596.98,1537.64,609.02
260.jpg,1611.43,286.74,1614.45,402.7,1596.37,461.43,1631.01,488.54,1588.84,595.47,1552.7,612.04
261.jpg,1594.87,307.82,1596.37,416.25,1579.81,462.94,1631.01,496.07,1593.36,596.98,1560.23,607.52
262.jpg,1579.81,321.37,1582.82,422.28,1558.72,470.47,1634.02,488.54,1600.89,601.49,1573.78,613.54
263.jpg,1558.72,312.34,1558.72,423.78,1543.66,482.52,1637.04,481.01,1618.96,601.49,1585.83,612.04
264.jpg,1566.25,333.42,1552.7,434.33,1534.63,481.01,1640.05,479.51,1623.48,599.99,1599.39,618.06
265.jpg,1543.66,346.98,1527.1,440.35,1516.55,476.49,1637.04,456.92,1631.01,596.98,1629.51,627.1
266.jpg,1531.61,342.46,1493.96,484.02,1512.04,447.88,1634.02,456.92,1641.55,593.96,1638.54,634.63
267.jpg,1525.59,356.01,1503,447.88,1474.39,479.51,1643.06,425.29,1646.07,572.88,1644.57,624.08
268.jpg,1519.65,359.17,1489.32,438.66,1477.82,471.08,1653.52,418.79,1651.43,552.66,1640.97,609.13
269.jpg,1514.42,344.53,1482,437.61,1454.81,465.85,1660.84,393.69,1653.52,531.74,1646.2,589.26
270.jpg,1503.96,354.99,1471.54,434.48,1456.9,462.71,1668.16,362.31,1646.2,512.92,1639.92,563.12
271.jpg,1493.5,358.13,1456.9,427.16,1435.98,450.16,1643.06,538.01,1650.38,484.68,1661.89,346.62
272.jpg,1488.27,361.27,1442.26,421.93,1424.48,441.8,1672.34,335.12,1654.56,462.71,1645.15,512.92
273.jpg,1482,364.4,1433.89,412.51,1412.97,430.29,1655.61,487.81,1663.98,436.57,1676.53,305.84
274.jpg,1686.99,268.19,1656.66,416.7,1655.61,456.44,1480.95,357.08,1419.25,403.1,1394.15,419.83
275.jpg,1467.36,362.31,1415.06,408.33,1392.06,418.79,1677.57,257.73,1663.98,389.5,1660.84,431.34
276.jpg,1476.77,366.5,1419.25,404.15,1389.96,412.51,1682.8,236.81,1669.21,358.13,1663.98,408.33
277.jpg,1460.04,374.86,1412.97,408.33,1387.87,425.06,1677.57,205.43,1677.57,341.4,1669.21,379.05
278.jpg,1467.15,367.12,1414.86,415.23,1385.57,426.74,1680.5,191.42,1684.69,308.56,1682.59,359.8
279.jpg,1471.33,385.95,1419.04,427.78,1392.89,444.52,1673.18,177.82,1693.05,288.68,1695.14,337.84
280.jpg,1481.79,393.27,1423.22,447.65,1401.26,461.25,1684.69,166.32,1703.51,269.86,1705.6,313.79
281.jpg,1476.56,419.42,1426.36,468.57,1402.31,476.94,1686.78,144.36,1707.69,248.94,1713.97,289.73
282.jpg,1487.02,435.1,1435.77,492.62,1410.67,504.13,1682.59,135.99,1712.92,224.89,1727.56,271.95
283.jpg,1494.34,452.88,1438.91,524,1421.13,533.41,1676.86,119.83,1709.79,207.11,1725.47,255.22
284.jpg,1500.49,464.47,1445.27,542.28,1423.93,556.09,1661.13,108.04,1706.31,199.66,1728.9,239.82
285.jpg,1513.04,488.32,1450.29,574.91,1412.64,596.25,1667.41,105.54,1708.82,192.13,1731.41,233.55
286.jpg,1514.29,512.16,1445.27,596.25,1412.64,616.33,1643.19,76.92,1710.2,176.95,1727.77,217.11
287.jpg,1533.25,538.39,1474.26,603.65,1435.35,619.97,1639.92,76.54,1702.67,185.73,1717.73,213.34
288.jpg,1542.03,540.9,1491.83,604.91,1445.39,631.26,1631.14,53.95,1691.38,173.18,1713.97,209.58
289.jpg,1552.07,543.41,1501.87,606.16,1461.71,631.26,1641.18,69.01,1686.36,184.48,1707.69,212.09
290.jpg,1563.37,540.9,1519.44,612.44,1471.75,638.79,1609.8,51.44,1676.32,180.71,1701.42,214.6
291.jpg,1564.62,553.45,1525.72,614.95,1490.58,635.03,1598.51,74.03,1670.04,188.24,1690.12,220.87
292.jpg,1572.15,555.96,1545.8,618.71,1500.62,641.3,1596,71.52,1668.79,197.03,1686.36,229.66
293.jpg,1589.72,553.45,1562.11,621.22,1523.21,643.81,1599.76,87.84,1665.02,207.07,1677.57,245.97
294.jpg,1627.37,550.94,1583.45,623.73,1537.01,647.58,1585.96,94.11,1661.26,195.77,1681.34,257.27
295.jpg,1633.65,559.73,1593.49,623.73,1550.82,641.3,1603.53,136.79,1653.73,223.38,1673.81,264.8
296.jpg,1651.22,559.73,1613.57,622.48,1572.15,641.3,1577.17,139.29,1647.45,232.17,1663.77,274.84
297.jpg,1667.53,555.96,1621.1,624.99,1587.21,647.58,1543.29,165.65,1603.53,287.39,1607.29,336.33
298.jpg,1681.34,549.69,1648.71,627.5,1611.06,648.83,1529.48,156.87,1582.19,309.98,1598.51,371.47
299.jpg,1695.14,548.43,1656.24,624.99,1621.1,646.32,1523.21,184.48,1560.86,336.33,1575.92,401.59
300.jpg,1708.95,548.43,1682.59,623.73,1628.63,645.07,1515.68,194.52,1544.54,355.16,1553.33,416.65
301.jpg,1730.28,537.14,1691.38,623.73,1653.73,645.07,1505.64,234.68,1516.93,377.75,1524.46,432.97
302.jpg,1737.81,520.82,1707.69,627.5,1663.77,648.83,1490.58,235.93,1495.6,397.83,1500.62,454.31
303.jpg,1752.87,522.08,1725.26,626.24,1676.32,645.07,1473,253.5,1476.77,415.4,1476.77,471.88
304.jpg,1759.15,503.25,1739.07,623.73,1693.89,653.85,1452.92,281.11,1452.92,420.42,1450.42,488.19
305.jpg,1779.23,503.25,1764.17,628.75,1722.75,656.36,1446.65,283.62,1429.08,436.74,1420.29,495.72
306.jpg,1795.54,496.98,1767.93,628.75,1740.32,651.34,1422.8,293.66,1405.23,448.03,1382.64,507.02
307.jpg,1804.33,485.68,1788.01,623.73,1759.15,661.38,1401.47,315,1375.11,459.33,1362.56,515.8
308.jpg,1828.18,478.15,1804.33,621.22,1776.72,662.64,1380.13,323.78,1355.03,466.86,1333.7,524.59
309.jpg,1838.22,454.31,1816.88,613.69,1799.31,661.38,1372.6,347.63,1321.15,475.64,1299.81,529.61
310.jpg,1844.49,450.54,1834.45,587.34,1824.41,648.83,1347.5,347.63,1297.3,478.15,1269.69,528.35
311.jpg,1860.81,401.59,1852.02,576.04,1841.98,631.26,1324.91,362.69,1273.46,474.39,1242.08,520.82
312.jpg,1857.04,371.35,1868.34,550.82,1858.3,612.31,1304.83,368.84,1249.61,471.75,1205.69,521.95
313.jpg,1879.63,357.54,1882.14,525.72,1873.36,588.47,1287.26,376.37,1229.53,469.24,1183.1,509.4
314.jpg,1887.16,346.25,1894.69,501.87,1889.67,564.62,1291.03,377.62,1211.96,466.73,1168.04,489.32
315.jpg,1889.67,318.64,1907.24,484.3,1897.2,538.27,1284.75,386.41,1191.88,454.18,1142.93,478.03
316.jpg,1885.91,278.48,1908.5,455.43,1912.26,518.19,1253.38,380.13,1174.31,452.92,1125.36,469.24
317.jpg,1887.16,257.14,1914.77,441.63,1911.01,490.58,1243.34,386.41,1171.8,440.37,1114.07,459.2
318.jpg,1367.46,318.36,1299.69,428.3,1254.51,449.39,1603.9,321.37,1612.94,494.57,1605.41,563.84
319.jpg,1347.88,331.92,1286.13,428.3,1251.49,452.4,1605.41,295.77,1615.95,473.48,1608.42,527.7
320.jpg,1338.84,328.9,1265.05,416.25,1219.87,438.84,1612.94,274.69,1612.94,446.37,1612.94,502.1
321.jpg,1316.25,325.89,1243.96,405.71,1206.31,425.29,1605.41,250.59,1614.45,410.23,1605.41,465.95
322.jpg,1295.17,324.39,1230.41,399.69,1188.24,414.75,1621.98,226.49,1615.95,399.69,1609.93,440.35
323.jpg,1292.16,315.35,1219.87,389.14,1182.22,398.18,1612.94,199.39,1618.96,354.51,1608.42,413.24
324.jpg,1287.64,321.37,1209.33,389.14,1176.19,398.18,1621.98,176.79,1615.95,328.9,1617.46,380.11
325.jpg,1272.58,339.45,1201.79,383.12,1161.13,389.14,1626.49,154.21,1620.47,304.81,1615.95,356.01
326.jpg,1272.58,325.89,1201.79,390.65,1164.14,392.16,1599.39,136.13,1623.48,277.7,1618.96,336.43
327.jpg,1272.58,334.93,1194.26,401.19,1158.12,405.71,1600.89,125.59,1626.49,250.59,1628,309.33
328.jpg,1269.57,353,1201.79,420.77,1161.13,431.31,1597.88,93.96,1634.02,228,1634.02,286.74
329.jpg,1287.64,359.02,1201.79,434.33,1161.13,449.39,1596.37,89.45,1626.49,202.4,1632.52,262.64
330.jpg,1292.16,377.1,1206.31,459.93,1173.18,473.48,1590.35,78.9,1634.02,191.86,1638.54,244.57
331.jpg,1280.11,389.14,1219.87,484.02,1180.71,497.58,1578.3,54.81,1626.49,179.81,1637.04,229.51
332.jpg,1508.78,465.65,1465.41,568.66,1414.81,584.93,1286.49,151.19,1295.53,319.26,1299.14,387.94
333.jpg,1527.87,477.14,1484.49,572.57,1443.29,583.41,1269.79,114.98,1248.11,329.67,1252.45,403.41
334.jpg,1545.22,451.55,1506.18,559.99,1462.81,577.34,1235.1,163.12,1219.92,351.79,1202.57,421.19
335.jpg,1215.58,189.14,1187.39,358.3,1178.71,438.54,1573.41,440.71,1540.88,564.33,1480.16,579.51
336.jpg,1180.88,202.16,1152.69,369.14,1131,445.05,1590.76,438.54,1551.72,564.33,1506.18,583.84
337.jpg,1167.87,226.01,1126.66,379.99,1102.81,451.55,1605.94,427.7,1566.9,566.49,1545.22,586.01
338.jpg,1137.51,223.84,1087.63,388.66,1061.6,453.72,1614.61,427.7,1590.76,562.16,1566.9,590.35
339.jpg,1102.81,245.53,1055.1,390.83,1022.57,466.74,1625.46,414.69,1610.28,559.99,1590.76,590.35
340.jpg,1076.78,271.55,1013.89,414.69,983.53,466.74,1642.81,414.69,1618.95,566.49,1597.27,583.84
341.jpg,1048.59,260.71,985.7,401.67,942.33,473.24,1657.99,379.99,1638.47,566.49,1605.94,596.86
342.jpg,1013.89,273.72,940.16,406.01,901.12,471.07,1666.66,390.83,1657.99,557.82,1625.46,594.69
343.jpg,970.52,273.72,911.96,401.67,862.08,462.4,1671,353.96,1671,536.13,1649.31,592.52
344.jpg,940.16,279.79,885.94,396.9,827.39,455.46,1684.01,338.35,1684.01,514.01,1673.17,587.75
345.jpg,1701.36,299.31,1701.36,487.99,1686.18,561.72,942.33,279.79,849.07,388.23,790.52,431.6
346.jpg,1707.87,273.29,1720.88,466.3,1701.36,533.53,898.95,281.96,823.05,370.88,760.16,416.42
347.jpg,1723.05,251.6,1731.72,431.6,1727.39,498.83,864.25,286.3,801.36,370.88,727.63,401.24
348.jpg,1731.72,212.57,1753.41,407.75,1740.4,472.81,859.92,284.13,777.51,360.04,705.94,381.72
349.jpg,1731.72,195.22,1759.92,375.22,1753.41,440.28,838.23,279.8,751.48,351.36,673.41,379.55
350.jpg,1731.72,164.86,1777.26,338.35,1777.26,414.25,820.88,277.63,742.81,347.02,669.07,355.7
351.jpg,1740.4,156.18,1794.61,312.33,1796.78,381.72,801.36,288.47,723.29,347.02,647.39,355.7
352.jpg,1736.06,130.16,1792.45,284.13,1803.29,353.53,799.19,281.96,708.11,342.69,643.05,353.53
353.jpg,788.35,286.3,718.95,347.02,632.21,353.53,1716.54,71.6,1801.12,253.77,1814.13,321
354.jpg,1703.53,45.58,1801.12,227.75,1822.81,294.98,775.34,292.81,712.45,355.7,627.87,362.21
355.jpg,1679.67,15.22,1796.78,214.74,1824.98,273.29,803.53,305.82,708.11,364.37,632.21,381.72
356.jpg,1050.76,258.11,990.04,373.05,944.49,401.24,1432.45,277.63,1443.29,468.47,1432.45,533.53
357.jpg,1031.24,251.6,957.51,357.87,916.3,390.4,1445.46,255.94,1451.96,433.77,1441.12,501
358.jpg,1016.06,262.45,946.66,349.19,881.6,379.55,1456.3,212.57,1458.47,399.07,1454.13,470.64
359.jpg,1007.39,249.43,914.13,342.69,859.92,364.37,1471.48,180.04,1484.49,366.54,1477.99,438.11
360.jpg,998.71,242.06,896.78,322.3,831.72,346.16,1471.48,161.82,1480.16,337.48,1475.82,406.88
361.jpg,992.28,214.08,885.65,306.25,822.4,318.9,1483.84,107.46,1498.3,308.06,1491.07,369.51
362.jpg,963.36,232.16,867.58,286.37,813.36,304.45,1494.69,107.46,1500.11,288.18,1503.72,344.21
363.jpg,972.4,226.74,863.96,289.99,806.13,288.18,1496.49,67.7,1518.18,246.61,1518.18,311.67
364.jpg,970.59,232.16,856.74,289.99,802.52,293.6,1507.34,60.47,1536.25,215.89,1545.29,275.53
365.jpg,976.01,228.54,863.96,295.41,806.13,304.45,1509.14,22.52,1547.1,194.21,1559.75,257.46
366.jpg,977.82,243,878.42,306.25,818.78,306.25,1501.92,4.45,1576.01,161.67,1586.86,217.7
367.jpg,1744.08,380.35,1715.17,533.96,1664.57,571.92,1163.96,65.89,1135.05,280.95,1113.36,358.66
368.jpg,1769.39,356.86,1744.08,537.58,1704.33,562.88,1144.08,82.16,1089.87,293.6,1057.34,382.16
369.jpg,1801.92,333.36,1778.42,532.16,1726.01,573.72,1100.71,111.07,1048.3,311.67,1015.77,387.58
370.jpg,1803.72,315.29,1801.92,541.19,1754.93,575.53,1060.95,123.72,999.51,318.9,959.75,396.61
371.jpg,1843.48,317.1,1830.83,524.93,1818.18,582.76,1030.23,129.14,961.55,333.36,923.6,398.42
372.jpg,1876.01,275.53,1874.21,492.4,1856.13,571.92,995.89,149.02,916.37,329.75,858.54,396.61
373.jpg,1239.87,73.12,1218.18,317.1,1182.04,405.65,1415.17,421.92,1360.95,582.76,1292.28,618.9
374.jpg,1165.77,150.83,1113.36,376.74,1075.41,449.02,1451.31,398.42,1407.94,586.37,1357.34,635.17
375.jpg,1129.63,177.94,1050.11,376.74,1008.54,456.25,1433.24,393,1436.86,584.57,1377.22,629.75
376.jpg,1071.8,192.4,992.28,389.39,945.29,476.13,1451.31,376.74,1442.28,589.99,1411.55,638.78
377.jpg,1028.42,212.28,939.87,403.84,891.07,470.71,1469.39,373.12,1454.93,582.76,1440.47,640.59
378.jpg,986.86,221.31,883.84,409.26,818.78,477.94,1465.77,355.05,1480.23,575.53,1469.39,647.82
379.jpg,957.94,241.19,835.05,411.07,768.18,470.71,1476.61,326.13,1501.92,539.39,1503.72,644.21
380.jpg,917.16,250.59,780.83,411.07,695.89,470.71,1478.42,318.9,1505.53,528.54,1509.14,608.06
381.jpg,876.49,259.63,733.42,407.22,664.14,456.92,1489.45,270.17,1519.57,488.54,1509.02,581.92
382.jpg,831.31,253.6,691.25,390.65,605.41,443.36,1501.49,235.53,1528.6,465.95,1521.07,554.81
383.jpg,796.67,265.65,641.55,387.64,573.78,425.29,1503,205.41,1534.63,438.84,1525.59,520.17
384.jpg,774.08,265.65,623.48,383.12,528.6,410.23,1510.53,175.29,1540.65,410.23,1537.64,487.04
385.jpg,760.53,268.66,591.86,368.06,528.6,390.65,1516.55,136.13,1543.66,375.59,1534.63,458.42
386.jpg,736.43,261.13,573.78,346.98,496.98,377.1,1522.58,109.02,1551.19,346.98,1545.17,429.81
387.jpg,730.41,264.14,555.71,343.96,478.9,368.06,1521.07,77.4,1548.18,316.86,1555.71,407.22
388.jpg,719.87,249.08,554.21,345.47,450.29,349.99,1495.47,24.69,1563.24,280.71,1551.19,371.07
389.jpg,1393.06,488.54,1283.12,625.59,1192.76,649.69,962.34,89.45,947.28,321.37,932.22,426.8
390.jpg,1426.19,471.98,1328.3,631.61,1248.48,654.21,932.22,80.41,896.07,339.45,859.93,447.88
391.jpg,1470.11,453.36,1397.82,630.47,1293,659.39,899.02,124.45,826.74,368.42,779.75,467.82
392.jpg,1520.71,447.94,1439.39,641.31,1354.45,673.84,866.49,111.79,794.21,373.84,736.37,466.01
393.jpg,1555.05,444.33,1486.37,648.54,1412.28,679.26,839.39,131.67,732.76,384.69,673.12,480.47
394.jpg,1603.84,428.06,1531.55,639.51,1484.57,677.46,801.43,142.52,682.16,397.34,629.75,471.43
395.jpg,1621.92,413.6,1564.08,637.7,1484.57,681.07,768.9,151.55,627.94,406.37,557.46,491.31
396.jpg,1650.83,435.29,1596.61,644.93,1540.59,697.34,705.65,193.12,589.99,400.95,497.82,496.74
397.jpg,1690.59,402.76,1650.83,639.51,1594.81,708.18,683.96,214.81,526.74,411.79,456.25,494.93
398.jpg,1712.28,377.46,1683.36,634.08,1654.45,717.22,618.9,218.42,474.33,413.6,385.77,494.93
399.jpg,1753.84,368.42,1743,608.78,1706.86,717.22,562.88,220.23,421.92,413.6,335.17,476.86
400.jpg,1762.88,326.86,1788.18,585.29,1777.34,690.11,503.24,227.46,360.47,402.76,264.69,466.01
401.jpg,1800.83,292.52,1829.75,563.6,1829.75,663,481.55,236.49,313.48,393.72,210.47,455.17
402.jpg,438.18,245.53,280.95,382.88,165.29,433.48,1820.71,259.99,1865.89,531.07,1867.7,639.51
403.jpg,1002.04,73.84,900.83,341.31,841.19,460.59,1515.29,413.6,1426.74,639.51,1352.64,666.61
404.jpg,946.01,124.45,844.81,363,774.33,446.13,1546.01,393.72,1488.18,639.51,1419.51,690.11
405.jpg,899.02,167.82,783.36,381.07,689.39,460.59,1574.93,384.69,1546.01,625.05,1479.14,690.11
406.jpg,846.61,169.63,718.3,388.3,638.78,460.59,1580.35,363,1583.96,603.36,1538.78,681.07
407.jpg,828.54,196.74,658.66,400.95,573.72,466.01,1621.92,348.54,1630.95,583.48,1609.26,688.3
408.jpg,770.71,214.81,606.25,399.14,512.28,456.98,1652.64,297.94,1681.55,563.6,1647.22,690.11
409.jpg,736.37,218.42,555.65,397.34,432.76,447.94,1705.05,263.6,1732.16,523.84,1708.66,652.16
410.jpg,705.65,211.19,505.05,397.34,400.23,438.9,1744.81,231.07,1784.57,487.7,1762.88,610.59
411.jpg,664.08,238.3,454.45,379.26,356.86,417.22,1784.57,185.89,1813.48,460.59,1817.1,561.79
412.jpg,624.33,225.65,421.92,357.58,300.83,379.26,1813.48,128.06,1864.08,417.22,1831.55,523.84
413.jpg,994.81,203.96,841.19,514.81,763.48,623.24,1755.65,572.64,1701.43,832.88,1621.92,869.02
414.jpg,918.9,234.69,761.67,552.76,649.63,664.81,1802.64,558.18,1779.14,832.88,1686.98,885.29
415.jpg,843,269.02,680.35,587.1,570.11,663,1809.87,574.45,1833.36,807.58,1752.04,903.36
416.jpg,1553.24,637.7,1412.28,908.78,1289.39,932.28,743.6,202.16,682.16,534.69,646.01,657.58
417.jpg,471.67,962.41,315.83,1185.04,334.78,1289.25,1727.41,1511.89,2072.73,1739.25,2238.52,1781.89
418.jpg,955.3,896.09,860.57,1260.83,922.15,1379.25,1158.99,1545.04,1494.83,1753.46,1665.83,1815.04
419.jpg,1291.15,967.15,1376.88,1369.78,1452.2,1469.25,822.67,1492.94,1101.67,1758.2,1272.67,1815.04
420.jpg,1741.62,1473.99,1623.2,1393.46,1481.1,1014.52,647.41,1497.67,931.62,1777.15,1073.25,1833.99
421.jpg,1854.83,1142.41,2143.78,1417.15,2300.1,1464.52,358.46,1436.1,556.94,1800.83,689.57,1871.89
422.jpg,2191.62,1185.04,2579.57,1341.36,2726.42,1312.94,88.46,1417.15,192.67,1829.25,306.36,1909.78
423.jpg,2290.62,1170.83,2707.94,1284.52,2845.31,1241.88,26.88,1369.78,26.88,1800.83,111.67,1928.73
424.jpg,1395.36,1464.52,1712.73,1644.52,1893.2,1663.46,192.67,1142.41,83.25,1549.78,107.41,1725.04
425.jpg,1225.31,1483.46,1523.73,1653.99,1712.73,1672.94,400.62,1132.94,306.36,1578.2,353.72,1762.94
426.jpg,888.52,1488.2,1173.2,1663.46,1367.41,1687.15,789.51,1237.15,851.09,1701.36,955.3,1843.47
427.jpg,552.67,1507.15,826.94,1682.41,1007.41,1710.83,1244.25,1374.52,1504.31,1786.62,1637.41,1905.04
428.jpg,396.36,1464.52,656.88,1715.57,836.41,1734.52,1456.94,1412.41,1803.2,1786.62,1978.47,1867.15
429.jpg,121.14,1365.04,315.83,1710.83,467.41,1767.68,1902.68,1473.99,2328.99,1644.52,2504.26,1644.52
430.jpg,519.51,952.94,448.46,1293.99,481.62,1421.89,974.25,1559.25,1263.2,1786.62,1456.94,1838.73
431.jpg,694.78,1019.25,699.04,1374.52,741.67,1483.46,760.62,1578.2,1054.31,1791.36,1263.2,1848.2
432.jpg,1121.09,1095.04,1263.2,1431.36,1381.15,1521.36,433.78,1554.52,722.73,1805.57,922.15,1881.36
433.jpg,1561.62,1180.31,1859.57,1469.25,2001.68,1521.36,154.3,1502.41,391.15,1829.25,552.67,1900.31
434.jpg,1798.47,1213.46,2139.52,1473.99,2286.36,1488.2,26.88,1464.52,215.88,1833.99,381.67,1900.31
435.jpg,1435.15,1514.16,1713.68,1673.32,1946.73,1718.79,480.2,1076.47,389.25,1548.26,423.36,1741.53
436.jpg,1082.73,1531.21,1406.73,1718.79,1599.99,1735.84,934.94,1116.26,991.78,1650.58,1116.83,1809.74
437.jpg,934.94,1553.95,1258.94,1775.63,1452.2,1752.9,1224.83,1190.16,1338.52,1707.42,1486.31,1849.53
438.jpg,650.72,1491.42,946.3,1713.11,1122.52,1752.9,1776.2,1332.26,2054.73,1735.84,2253.68,1821.11
439.jpg,434.72,1406.16,639.36,1724.48,798.51,1775.63,2299.15,1440.26,2719.78,1650.58,2884.63,1656.26
440.jpg,366.51,1315.21,508.62,1735.84,645.04,1804.05,2492.42,1434.58,2947.15,1559.63,3151.79,1559.63
441.jpg,326.72,1247,281.25,1656.26,349.46,1775.63,2742.52,1389.11,3231.36,1440.26,3396.21,1383.42
442.jpg,298.3,1173.11,190.3,1542.58,201.67,1639.21,2742.52,1434.58,3185.89,1502.79,3373.47,1451.63
443.jpg,321.04,1076.47,184.62,1485.74,195.99,1576.69,2634.52,1502.79,3094.94,1633.53,3265.47,1616.48
444.jpg,531.36,979.84,332.41,1332.26,303.99,1440.26,2407.15,1553.95,2759.57,1747.21,2941.47,1781.32
445.jpg,792.83,996.89,645.04,1247,627.99,1372.05,2060.41,1599.42,2429.89,1781.32,2606.1,1821.11
446.jpg,963.36,928.68,849.67,1229.95,861.04,1360.69,1867.15,1593.74,2219.57,1752.9,2424.2,1809.74
447.jpg,1361.25,928.68,1366.94,1309.53,1412.41,1423.21,1537.46,1571,1878.52,1781.32,2071.78,1826.79
448.jpg,1833.04,1053.74,1952.41,1428.9,2043.36,1531.21,1241.88,1536.9,1531.78,1804.05,1713.68,1860.9
449.jpg,2026.31,1127.63,2265.05,1463,2367.36,1531.21,1031.57,1519.84,1361.25,1826.79,1531.78,1883.63
450.jpg,2486.73,1258.37,2827.78,1485.74,2969.89,1508.47,832.62,1491.42,1025.88,1826.79,1190.73,1900.69
451.jpg,2833.47,1303.84,3276.84,1445.95,3447.37,1400.47,656.41,1389.11,758.73,1815.42,855.36,1929.11
452.jpg,2969.89,1309.53,3407.58,1394.79,3572.42,1360.69,616.62,1372.05,593.88,1787,650.72,1963.21
453.jpg,3009.68,1355,3436,1411.84,3606.52,1355,559.78,1292.47,440.41,1718.79,457.46,1895
454.jpg,2833.47,1502.79,3231.36,1650.58,3401.89,1622.16,616.62,1156.05,468.83,1610.79,451.78,1787
455.jpg,2736.84,1514.16,3072.21,1718.79,3248.42,1718.79,679.15,1161.74,531.36,1605.11,514.3,1781.32
456.jpg,2378.73,1542.58,2742.52,1741.53,2901.68,1741.53,946.3,1144.68,826.94,1599.42,861.04,1775.63
457.jpg,2049.04,1536.9,2378.73,1747.21,2537.89,1758.58,1332.83,1139,1304.41,1639.21,1366.94,1809.74
458.jpg,1895.57,1553.95,2225.26,1752.9,2373.05,1769.95,1531.78,1201.53,1565.89,1690.37,1662.52,1860.9
459.jpg,1514.73,1536.9,1844.41,1747.21,2026.31,1781.32,2003.57,1247,2174.1,1735.84,2338.94,1855.21
460.jpg,1224.83,1485.74,1486.31,1735.84,1662.52,1792.69,2452.62,1383.42,2793.68,1701.74,2998.31,1769.95
461.jpg,1077.04,1434.58,1338.52,1758.58,1463.57,1792.69,2657.26,1457.32,3089.26,1644.9,3282.52,1673.32
462.jpg,929.25,1332.26,1025.88,1735.84,1145.25,1804.05,3026.73,1383.42,3487.15,1445.95,3657.68,1400.47
463.jpg,792.83,1269.74,758.73,1679,775.78,1826.79,3146.1,1315.21,3589.47,1303.84,3760,1229.95
464.jpg,781.46,1224.26,656.41,1633.53,639.36,1747.21,3089.26,1332.26,3566.73,1315.21,3725.89,1258.37
465.jpg,730.3,1161.74,622.3,1508.47,593.88,1610.79,2878.94,1383.42,3288.21,1480.05,3475.79,1434.58
466.jpg,832.62,1002.58,684.83,1383.42,662.09,1497.11,2583.36,1485.74,2992.63,1650.58,3146.1,1679
467.jpg,917.88,985.53,758.73,1349.32,741.67,1440.26,2446.94,1502.79,2793.68,1679,2975.57,1713.11
468.jpg,1167.99,923,1042.94,1281.11,1042.94,1372.05,2077.47,1457.32,2441.26,1679,2628.84,1713.11
469.jpg,1457.89,934.37,1435.15,1292.47,1469.25,1406.16,1713.68,1480.05,2071.78,1696.05,2230.94,1730.16
470.jpg,1599.99,962.79,1673.89,1309.53,1759.15,1434.58,1548.83,1480.05,1861.47,1696.05,2043.36,1735.84
471.jpg,1975.15,1059.42,2162.73,1360.69,2293.47,1440.26,1202.09,1440.26,1514.73,1690.37,1679.57,1764.27
472.jpg,2327.57,1099.21,2674.31,1343.63,2805.05,1383.42,912.2,1406.16,1156.62,1696.05,1304.41,1764.27
473.jpg,2526.52,1116.26,2867.57,1298.16,3009.68,1303.84,781.46,1303.84,991.78,1690.37,1128.2,1752.9
474.jpg,2782.31,1144.68,3180.21,1224.26,3339.37,1150.37,610.94,1303.84,701.88,1679,798.51,1781.32
475.jpg,2805.05,1133.32,3225.68,1190.16,3384.84,1110.58,474.51,1195.84,406.3,1605.11,429.04,1775.63
476.jpg,2759.57,1184.47,3146.1,1212.9,3299.58,1161.74,411.99,1121.95,286.93,1565.32,281.25,1735.84
477.jpg,2549.26,1315.21,2913.05,1406.16,3072.21,1394.79,389.25,1065.11,241.46,1463,224.41,1644.9
478.jpg,2265.05,1372.05,2583.36,1542.58,2759.57,1536.9,502.94,1019.63,338.09,1423.21,303.99,1588.05
479.jpg,2100.2,1383.42,2441.26,1536.9,2589.05,1553.95,599.57,979.84,446.09,1394.79,446.09,1582.37
480.jpg,1781.89,1383.42,2054.73,1576.69,2247.99,1576.69,895.15,951.42,792.83,1411.84,843.99,1605.11
481.jpg,1431.99,1392.52,1728.04,1585.94,1897.78,1605.68,1218.83,1064.88,1250.41,1510.94,1356.99,1660.94
482.jpg,1208.6,1456.56,1542.16,1597.22,1735.06,1617.31,1437.67,1070.76,1534.12,1557.03,1654.68,1677.59
483.jpg,919.25,1352.07,1228.69,1585.16,1381.41,1625.35,1823.47,1155.15,2112.83,1548.99,2261.52,1645.44
484.jpg,649.99,1295.81,911.21,1605.25,1047.85,1633.39,2233.39,1235.53,2639.29,1456.56,2804.05,1484.69
485.jpg,557.56,1255.62,738.4,1589.18,867,1641.42,2406.2,1259.64,2840.22,1416.37,3004.99,1400.3
486.jpg,437,1175.25,481.2,1581.14,529.43,1677.59,2631.25,1239.54,3117.52,1295.81,3254.16,1231.51
487.jpg,372.7,1094.87,284.28,1492.73,288.3,1597.22,2631.25,1267.68,3085.37,1319.92,3254.16,1263.66
488.jpg,360.64,1070.76,256.15,1424.41,244.09,1520.86,2550.87,1331.98,2980.88,1388.24,3145.65,1344.03
489.jpg,441.01,938.14,272.23,1287.77,272.23,1372.17,2313.76,1424.41,2711.62,1585.16,2884.43,1601.24
490.jpg,613.82,873.84,453.07,1167.21,453.07,1259.64,2028.43,1460.58,2390.12,1665.54,2562.93,1705.72
491.jpg,730.37,849.72,601.77,1143.09,609.8,1235.53,1855.62,1460.58,2205.26,1689.65,2386.1,1717.78
492.jpg,1055.89,845.71,995.61,1199.36,1031.77,1311.88,1518.05,1472.63,1867.68,1689.65,2020.39,1741.89
493.jpg,1397.48,901.97,1510.01,1299.83,1574.31,1416.37,1176.45,1496.75,1538.14,1705.72,1694.87,1749.93
494.jpg,1638.61,930.1,1799.36,1344.03,1903.85,1452.54,1027.76,1452.54,1357.29,1709.74,1526.08,1757.97
495.jpg,2080.67,1062.72,2370.03,1384.22,2506.67,1444.5,754.48,1416.37,1043.83,1705.72,1180.47,1757.97
496.jpg,2478.53,1179.26,2880.41,1368.15,3017.05,1348.05,565.6,1336,726.35,1717.78,871.02,1778.06
497.jpg,2639.29,1203.38,3041.16,1319.92,3217.99,1291.79,477.18,1299.83,589.71,1689.65,726.35,1782.08
498.jpg,2796.02,1203.38,3222.01,1259.64,3358.65,1191.32,352.6,1239.54,332.51,1649.46,352.6,1826.29
499.jpg,2683.49,1279.73,3093.41,1340.01,3254.16,1275.71,284.28,1102.91,147.64,1557.03,139.61,1749.93
500.jpg,2619.19,1336,2976.86,1448.52,3125.56,1420.39,304.38,1070.76,135.59,1504.78,111.47,1685.63
501.jpg,2345.91,1376.18,2675.45,1536.93,2828.17,1540.95,457.09,986.36,252.13,1420.39,199.89,1605.25
502.jpg,2506.67,1577.12,2329.84,1565.07,2016.37,1396.28,710.27,966.27,561.58,1412.35,557.56,1581.14
503.jpg,2337.88,1569.08,2165.07,1573.1,1851.6,1400.3,911.21,942.16,774.57,1392.26,814.76,1601.24
504.jpg,1534.12,1412.35,1855.62,1585.16,2020.39,1605.25,1272.9,1034.59,1305.05,1520.86,1381.41,1665.54
505.jpg,1220.66,1388.24,1538.14,1593.2,1702.91,1609.27,1727.02,1118.98,1923.94,1544.97,2048.52,1661.52
506.jpg,1096.08,1360.11,1365.33,1597.22,1534.12,1621.33,1968.15,1151.13,2233.39,1573.1,2378.06,1653.48
507.jpg,826.82,1295.81,1080,1601.24,1204.58,1637.4,2434.33,1283.75,2832.19,1516.84,2980.88,1520.86
508.jpg,662.05,1203.38,758.5,1597.22,887.1,1673.57,2775.92,1279.73,3254.16,1360.11,3394.81,1303.85
509.jpg,569.62,1127.02,477.18,1508.8,481.2,1605.25,2920.6,1267.68,3394.81,1303.85,3567.62,1267.68
510.jpg,625.88,994.4,473.17,1356.09,469.15,1456.56,2731.72,1360.11,3161.73,1504.78,3338.55,1508.8
511.jpg,691.19,959.25,538.42,1285.64,510.64,1382.86,2649.53,1396.75,3010.64,1577.31,3191.19,1605.08
512.jpg,941.19,855.08,774.53,1188.42,760.64,1285.64,2350.92,1424.53,2649.53,1605.08,2857.86,1653.69
513.jpg,1288.42,813.42,1156.47,1132.86,1177.31,1271.75,2059.25,1438.42,2316.19,1632.86,2531.47,1702.31
514.jpg,1448.14,813.42,1392.58,1174.53,1413.42,1299.53,1843.97,1438.42,2135.64,1632.86,2330.08,1695.36
515.jpg,1788.42,938.42,1885.64,1250.92,1975.92,1355.08,1524.53,1410.64,1816.19,1660.64,1982.86,1730.08
516.jpg,2232.86,1021.75,2427.31,1334.25,2559.25,1396.75,1205.08,1396.75,1482.86,1646.75,1670.36,1723.14
517.jpg,2434.25,1118.97,2691.19,1341.19,2830.08,1389.81,1114.81,1355.08,1330.08,1695.36,1489.81,1743.97
518.jpg,2941.19,1188.42,3302.31,1216.19,3475.92,1174.53,774.53,1202.31,781.47,1618.97,843.97,1799.53
519.jpg,2968.97,1216.19,3281.47,1250.92,3455.08,1188.42,732.86,1174.53,698.14,1584.25,712.03,1750.92
520.jpg,2795.36,1278.69,3135.64,1375.92,3302.31,1320.36,670.36,1056.47,600.92,1487.03,621.75,1674.53
521.jpg,850.92,987.03,691.19,1362.03,649.53,1563.42,2566.19,1355.08,2843.97,1514.81,3024.53,1528.69
522.jpg,2434.25,1389.81,2698.14,1528.69,2857.86,1556.47,927.31,959.25,781.47,1368.97,788.42,1570.36
523.jpg,2087.03,1368.97,2371.75,1577.31,2510.64,1563.42,1205.08,924.53,1128.69,1368.97,1156.47,1556.47
524.jpg,1788.42,1396.75,2073.14,1577.31,2205.08,1584.25,1545.36,1007.86,1573.14,1466.19,1663.42,1632.86
525.jpg,1552.31,1445.36,1830.08,1632.86,2052.31,1605.08,1760.64,1063.42,1843.97,1521.75,1962.03,1660.64
526.jpg,1267.58,1368.97,1573.14,1605.08,1732.86,1618.97,2156.47,1188.42,2392.58,1570.36,2566.19,1646.75
527.jpg,989.81,1327.31,1232.86,1605.08,1392.58,1646.75,2545.36,1257.86,2948.14,1514.81,3128.69,1563.42
528.jpg,906.47,1320.36,1080.08,1605.08,1218.97,1660.64,2725.92,1299.53,3170.36,1438.42,3350.92,1438.42
529.jpg,753.69,1195.36,767.58,1605.08,823.14,1716.19,2975.92,1285.64,3406.47,1306.47,3573.14,1237.03
530.jpg,656.47,1105.08,545.36,1459.25,552.31,1591.19,2975.92,1299.53,3378.69,1313.42,3573.14,1257.86
531.jpg,635.64,1063.42,496.75,1396.75,489.81,1507.86,2878.69,1292.58,3281.47,1375.92,3475.92,1327.31
532.jpg,691.19,952.31,517.58,1257.86,489.81,1348.14,2621.75,1438.42,3017.58,1577.31,3212.03,1605.08
533.jpg,885.64,855.08,670.36,1146.75,628.69,1243.97,2392.58,1424.53,2705.08,1618.97,2871.75,1667.58
534.jpg,1031.47,813.42,837.03,1077.31,823.14,1188.42,2212.03,1466.19,2538.42,1632.86,2705.08,1681.47
535.jpg,1330.08,848.14,1260.64,1153.69,1260.64,1285.64,1892.58,1459.25,2191.19,1660.64,2378.69,1723.14
536.jpg,1864.81,966.19,1982.86,1313.42,2073.14,1389.81,1350.92,1424.53,1670.36,1660.64,1864.81,1730.08
537.jpg,2309.25,1098.14,2510.64,1355.08,2656.47,1417.58,1045.36,1382.86,1309.25,1667.58,1510.64,1730.08
538.jpg,2663.42,1195.36,3003.69,1320.36,3149.53,1320.36,864.81,1327.31,1003.69,1681.47,1163.42,1778.69
539.jpg,2809.25,1202.31,3184.25,1313.42,3337.03,1285.64,767.58,1299.53,878.69,1688.42,989.81,1813.42
540.jpg,2948.14,1195.36,3350.92,1243.97,3489.81,1195.36,587.03,1223.14,593.97,1667.58,642.58,1806.47
541.jpg,2823.14,1327.31,3232.86,1334.25,3364.81,1285.64,496.75,1146.75,392.58,1570.36,378.69,1764.81
542.jpg,2753.69,1382.86,3100.92,1480.08,3267.58,1438.42,475.92,1125.92,323.14,1528.69,309.25,1723.14
543.jpg,2475.92,1431.47,2781.47,1625.92,2962.03,1618.97,580.08,1091.19,385.64,1452.31,323.14,1660.64
544.jpg,2121.75,1452.31,2462.03,1639.81,2628.69,1625.92,795.36,1049.53,600.92,1438.42,600.92,1639.81
545.jpg,1941.19,1466.19,2253.69,1625.92,2427.31,1639.81,968.97,1063.42,809.25,1473.14,816.19,1646.75
546.jpg,1607.86,1493.97,1913.42,1674.53,2093.97,1660.64,1295.36,1084.25,1253.69,1542.58,1330.08,1737.03
547.jpg,1209.4,2986.02,1059.91,3087.3,1006.86,3111.41,688.57,2928.15,553.54,3014.96,481.2,3014.96
548.jpg,1219.05,2986.02,1098.49,3077.65,1021.33,3111.41,678.93,2918.51,524.6,3005.31,447.44,3005.31
549.jpg,1209.4,2995.67,1098.49,3077.65,1016.5,3106.59,654.81,2923.33,510.14,3000.49,423.33,2995.67
550.jpg,1219.05,2995.67,1112.95,3077.65,1016.5,3101.77,659.64,2913.69,500.49,2995.67,418.51,2995.67
551.jpg,1228.69,2981.2,1098.49,3082.48,1021.33,3111.41,630.7,2918.51,476.38,2986.02,399.22,2981.2
552.jpg,1233.52,2986.02,1117.78,3082.48,1035.79,3106.59,616.23,2918.51,457.09,2966.73,379.93,2966.73
553.jpg,1238.34,2995.67,1141.89,3096.94,1055.08,3121.06,587.3,2928.15,437.8,2976.38,360.64,2957.09
554.jpg,1252.81,2986.02,1137.07,3096.94,1055.08,3121.06,577.65,2918.51,428.15,2966.73,350.99,2957.09
555.jpg,1262.45,3005.31,1156.36,3092.12,1069.55,3130.7,582.48,2918.51,437.8,2966.73,360.64,2961.91
556.jpg,1247.98,2990.85,1151.53,3087.3,1074.37,3116.23,596.94,2918.51,428.15,2976.38,355.82,2947.44
557.jpg,1276.92,3010.14,1166,3092.12,1074.37,3121.06,606.59,2918.51,428.15,2961.91,346.17,2947.44
558.jpg,1286.56,3010.14,1190.11,3092.12,1088.84,3111.41,577.65,2937.8,447.44,2986.02,370.28,2966.73
559.jpg,1305.85,2995.67,1199.76,3101.77,1108.13,3130.7,611.41,2942.62,457.09,2990.85,384.75,2966.73
560.jpg,1296.21,3019.78,1214.23,3096.94,1132.24,3116.23,630.7,2942.62,471.56,2995.67,399.22,2990.85
561.jpg,1329.97,3024.6,1233.52,3106.59,1146.71,3125.88,640.35,2966.73,495.67,3024.6,423.33,3000.49
562.jpg,1329.97,3014.96,1228.69,3087.3,1132.24,3121.06,659.64,2986.02,519.78,3024.6,418.51,3005.31
563.jpg,1354.08,3019.78,1247.98,3111.41,1156.36,3140.35,688.57,2986.02,524.6,3039.07,447.44,3014.96
564.jpg,1358.9,3024.6,1262.45,3111.41,1170.82,3140.35,707.86,2986.02,568.01,3063.19,471.56,3048.72
565.jpg,1402.31,3024.6,1286.56,3101.77,1190.11,3130.7,707.86,3014.96,553.54,3072.83,466.73,3068.01
566.jpg,1392.66,3024.6,1305.85,3121.06,1228.69,3154.81,722.33,3010.14,582.48,3082.48,490.85,3082.48
567.jpg,1402.31,3024.6,1305.85,3130.7,1223.87,3159.64,727.15,3024.6,572.83,3106.59,505.31,3106.59
568.jpg,1426.42,3014.96,1305.85,3121.06,1219.05,3149.99,746.44,3005.31,592.12,3101.77,505.31,3096.94
569.jpg,1407.13,3039.07,1325.15,3135.52,1247.98,3154.81,746.44,3034.25,611.41,3116.23,519.78,3121.06
570.jpg,1445.71,3034.25,1354.08,3140.35,1276.92,3174.1,756.09,3048.72,630.7,3125.88,543.9,3130.7
571.jpg,1440.89,3034.25,1363.73,3130.7,1276.92,3169.28,775.38,3039.07,630.7,3130.7,543.9,3130.7
572.jpg,1445.71,3024.6,1383.02,3149.99,1305.85,3193.39,794.67,3029.43,659.64,3140.35,572.83,3140.35
573.jpg,1465,3043.9,1402.31,3140.35,1329.97,3188.57,809.13,3063.19,693.39,3140.35,582.48,3149.99
574.jpg,1469.82,3043.9,1402.31,3145.17,1320.32,3188.57,804.31,3029.43,669.28,3140.35,587.3,3140.35
575.jpg,1469.82,3019.78,1411.95,3154.81,1339.61,3198.22,838.07,3048.72,698.22,3140.35,625.88,3159.64
576.jpg,1455.35,3019.78,1421.6,3140.35,1349.26,3198.22,847.71,3063.19,727.15,3140.35,640.35,3159.64
577.jpg,1469.82,3019.78,1440.89,3149.99,1363.73,3207.86,852.54,3063.19,717.51,3154.81,645.17,3154.81
578.jpg,1455.35,2990.85,1426.42,3135.52,1378.19,3198.22,876.65,3058.36,731.97,3154.81,649.99,3159.64
579.jpg,1436.06,2990.85,1436.06,3135.52,1397.48,3207.86,886.29,3058.36,756.09,3140.35,678.93,3164.46
580.jpg,1436.06,3005.31,1431.24,3140.35,1387.84,3217.51,900.76,3048.72,760.91,3159.64,678.93,3169.28
581.jpg,1421.6,2986.02,1416.77,3130.7,1373.37,3198.22,910.41,3058.36,780.2,3149.99,707.86,3178.93
582.jpg,1392.66,2986.02,1378.19,3130.7,1344.44,3198.22,920.05,3068.01,794.67,3154.81,707.86,3164.46
583.jpg,1363.73,2990.85,1363.73,3140.35,1315.5,3203.04,948.99,3077.65,823.6,3159.64,727.15,3188.57
584.jpg,1320.32,2990.85,1320.32,3140.35,1267.27,3212.68,963.46,3063.19,838.07,3159.64,736.8,3183.75
585.jpg,1286.56,3014.96,1262.45,3164.46,1209.4,3227.15,968.28,3072.83,847.71,3164.46,770.55,3178.93
586.jpg,1291.39,3005.31,1267.27,3159.64,1209.4,3217.51,1002.04,3063.19,847.71,3154.81,775.38,3178.93
587.jpg,1238.34,3014.96,1209.4,3149.99,1141.89,3227.15,1002.04,3082.48,862.18,3154.81,780.2,3178.93
588.jpg,1204.58,3034.25,1146.71,3183.75,1074.37,3241.62,1006.86,3092.12,910.41,3174.1,813.96,3188.57
589.jpg,1151.53,3063.19,1088.84,3174.1,1006.86,3246.44,1040.62,3039.07,915.23,3154.81,818.78,3164.46
590.jpg,1093.66,3092.12,1021.33,3217.51,920.05,3256.09,1093.66,3029.43,939.34,3159.64,838.07,3174.1
591.jpg,1040.62,3116.23,929.7,3231.97,847.71,3260.91,1079.2,3063.19,934.52,3159.64,857.36,3169.28
592.jpg,1055.08,3092.12,924.87,3236.8,838.07,3260.91,1117.78,3029.43,948.99,3159.64,857.36,3178.93
593.jpg,958.63,3101.77,852.54,3241.62,765.73,3275.38,1084.02,3072.83,973.1,3159.64,891.12,3145.17
594.jpg,910.41,3130.7,789.84,3241.62,688.57,3256.09,1074.37,3082.48,920.05,3164.46,852.54,3164.46
595.jpg,818.78,3130.7,693.39,3227.15,606.59,3246.44,1117.78,3082.48,953.81,3193.39,876.65,3174.1
596.jpg,789.84,3130.7,625.88,3222.33,548.72,3227.15,1132.24,3063.19,1021.33,3169.28,944.17,3178.93
597.jpg,727.15,3121.06,568.01,3207.86,481.2,3198.22,1156.36,3068.01,1045.44,3164.46,934.52,3193.39
598.jpg,717.51,3130.7,587.3,3207.86,476.38,3198.22,1146.71,3077.65,1045.44,3154.81,934.52,3178.93
599.jpg,659.64,3121.06,519.78,3198.22,432.98,3178.93,1166,3072.83,1050.26,3159.64,968.28,3188.57
600.jpg,664.46,3106.59,490.85,3169.28,389.57,3169.28,1170.82,3072.83,1079.2,3145.17,977.92,3183.75
601.jpg,592.12,3125.88,452.27,3159.64,355.82,3130.7,1194.94,3068.01,1064.73,3159.64,987.57,3188.57
602.jpg,606.59,3111.41,442.62,3159.64,355.82,3140.35,1214.23,3063.19,1074.37,3164.46,992.39,3188.57
603.jpg,596.94,3101.77,418.51,3145.17,341.35,3121.06,1223.87,3077.65,1093.66,3159.64,1016.5,3188.57
604.jpg,582.48,3106.59,408.86,3154.81,331.7,3125.88,1223.87,3092.12,1088.84,3159.64,1002.04,3174.1
605.jpg,596.94,3111.41,423.33,3164.46,341.35,3145.17,1233.52,3082.48,1098.49,3159.64,1026.15,3178.93
606.jpg,587.3,3130.7,432.98,3169.28,331.7,3159.64,1233.52,3077.65,1127.42,3174.1,1050.26,3183.75
607.jpg,625.88,3130.7,461.91,3183.75,360.64,3159.64,1257.63,3077.65,1166,3154.81,1064.73,3178.93
608.jpg,606.59,3154.81,457.09,3212.68,365.46,3178.93,1272.1,3082.48,1156.36,3169.28,1074.37,3178.93
609.jpg,649.99,3140.35,457.09,3217.51,375.11,3193.39,1291.39,3068.01,1166,3169.28,1088.84,3193.39
610.jpg,626.63,3169.96,434.76,3216.47,380.5,3199.03,1289.45,3073.05,1142.16,3175.77,1089.83,3187.4
611.jpg,638.26,3154.45,456.08,3218.41,384.37,3216.47,1299.14,3073.05,1167.35,3171.89,1105.33,3183.52
612.jpg,647.95,3146.7,465.77,3231.97,396,3231.97,1310.77,3063.36,1178.98,3169.96,1122.78,3193.21
613.jpg,647.95,3162.2,481.28,3251.36,413.44,3247.48,1314.65,3061.42,1194.49,3179.65,1140.22,3197.09
614.jpg,655.7,3169.96,483.21,3255.23,421.2,3257.17,1322.4,3067.24,1202.24,3185.46,1147.97,3204.84
615.jpg,675.08,3173.83,502.59,3259.11,434.76,3264.92,1330.15,3069.18,1225.49,3181.58,1157.66,3206.78
616.jpg,655.7,3189.34,496.78,3261.05,434.76,3255.23,1337.9,3080.81,1213.87,3191.28,1161.54,3206.78
617.jpg,686.71,3183.52,516.16,3270.74,448.33,3268.8,1330.15,3069.18,1225.49,3191.28,1178.98,3202.9
618.jpg,706.09,3187.4,533.6,3268.8,465.77,3278.49,1326.27,3071.12,1242.94,3187.4,1190.61,3204.84
619.jpg,706.09,3200.97,545.23,3274.61,477.4,3276.55,1318.52,3061.42,1254.57,3191.28,1202.24,3218.41
620.jpg,725.47,3181.58,558.8,3272.67,494.84,3278.49,1308.83,3061.42,1266.19,3185.46,1217.74,3216.47
621.jpg,744.85,3193.21,582.06,3278.49,504.53,3288.18,1290.77,3036.53,1266.29,3191.58,1233.25,3222.28
622.jpg,734.51,3191.58,563.14,3281.34,508.74,3281.34,1290.77,3036.53,1262.21,3192.94,1229.57,3217.42
623.jpg,757.63,3194.3,583.54,3286.78,523.7,3288.14,1273.09,3029.73,1266.29,3176.62,1228.21,3216.06
624.jpg,772.59,3183.42,603.94,3284.06,535.94,3286.78,1254.05,3012.05,1241.81,3167.09,1211.88,3205.18
625.jpg,787.55,3182.05,620.26,3282.7,557.7,3282.7,1228.21,3013.41,1213.25,3148.05,1180.6,3202.46
626.jpg,786.19,3194.3,628.42,3285.42,567.22,3289.5,1195.56,3013.41,1173.8,3150.77,1142.52,3191.58
627.jpg,806.59,3194.3,643.38,3293.58,586.26,3299.02,1168.36,3024.29,1128.92,3157.57,1092.2,3197.02
628.jpg,814.75,3194.3,644.74,3289.5,580.82,3297.66,1160.2,3025.65,1130.28,3148.05,1093.56,3194.3
629.jpg,822.91,3191.58,656.98,3293.58,594.42,3297.66,1119.4,3024.29,1069.08,3167.09,1032.36,3194.3
630.jpg,835.15,3192.94,680.11,3297.66,616.18,3296.3,1084.04,3041.97,1005.16,3180.7,972.52,3197.02
631.jpg,852.83,3195.66,685.54,3299.02,632.5,3300.38,1021.48,3033.81,930.35,3194.3,894.99,3206.54
632.jpg,862.35,3198.38,699.15,3297.66,642.02,3305.82,1005.16,3071.89,878.67,3213.34,833.79,3233.74
633.jpg,881.39,3199.74,715.47,3296.3,659.7,3303.1,971.16,3074.61,859.63,3180.7,773.95,3198.38
634.jpg,890.91,3202.46,712.75,3299.02,661.06,3309.9,958.92,3085.49,835.15,3182.05,778.03,3191.58
635.jpg,914.03,3205.18,729.07,3303.1,676.02,3311.26,896.35,3074.61,763.07,3177.97,710.03,3180.7
636.jpg,918.11,3197.02,754.91,3296.3,693.71,3304.46,854.19,3066.45,722.27,3164.37,652.9,3167.09
637.jpg,930.35,3202.46,776.67,3300.38,718.19,3300.38,818.83,3063.73,680.11,3148.05,620.26,3143.97
638.jpg,946.67,3210.62,776.67,3305.82,724.99,3308.54,783.47,3066.45,612.1,3145.33,561.78,3134.45
639.jpg,965.72,3213.34,799.79,3307.18,741.31,3308.54,734.51,3077.33,583.54,3131.73,533.22,3112.69
640.jpg,968.44,3210.62,824.27,3297.66,758.99,3312.62,719.55,3071.89,569.94,3116.77,508.74,3093.65
641.jpg,994.28,3214.7,840.59,3304.46,779.39,3307.18,712.75,3070.53,552.26,3107.25,499.22,3082.77
642.jpg,1002.44,3217.42,873.23,3297.66,799.79,3303.1,710.03,3074.61,561.78,3092.29,489.7,3067.81
643.jpg,1026.92,3231.02,875.95,3308.54,814.75,3318.06,701.87,3065.09,552.26,3089.57,489.7,3061.01
644.jpg,1047.32,3232.38,897.71,3311.26,824.27,3318.06,727.71,3071.89,569.94,3099.09,500.58,3065.09
645.jpg,1055.48,3221.5,903.15,3308.54,825.63,3322.14,722.27,3071.89,561.78,3093.65,499.22,3058.29
646.jpg,1062.28,3240.54,907.23,3315.34,843.31,3322.14,742.67,3085.49,576.74,3105.89,512.82,3074.61
647.jpg,1082.68,3228.3,935.79,3311.26,865.07,3316.7,754.91,3088.21,595.78,3111.33,537.3,3090.93
648.jpg,1094.92,3235.1,949.4,3316.7,878.67,3322.14,761.71,3107.25,612.1,3134.45,546.82,3103.17
649.jpg,1108.52,3251.42,954.83,3319.42,892.27,3319.42,776.67,3097.73,631.14,3141.25,548.18,3115.41
650.jpg,1113.96,3237.82,972.52,3311.26,909.95,3320.78,780.75,3109.97,613.46,3143.97,557.7,3130.37
651.jpg,1112.6,3229.66,979.32,3312.62,911.31,3320.78,769.87,3112.69,616.18,3149.41,565.86,3130.37
652.jpg,1137.08,3240.54,992.92,3311.26,927.63,3316.7,784.83,3115.41,624.34,3161.65,565.86,3145.33
653.jpg,1152.04,3236.46,1017.4,3318.06,943.96,3320.78,790.27,3119.49,640.66,3158.93,584.9,3146.69
654.jpg,1169.72,3245.98,1021.48,3327.58,960.28,3326.22,805.23,3116.77,665.14,3167.09,606.66,3149.41
655.jpg,1175.16,3240.54,1036.44,3318.06,973.88,3319.42,816.11,3122.21,658.34,3172.54,613.46,3157.57
656.jpg,1184.68,3252.78,1037.8,3320.78,990.2,3320.78,841.95,3122.21,677.38,3173.89,627.06,3158.93
657.jpg,1188.76,3232.38,1051.4,3305.82,984.76,3316.7,840.59,3108.61,677.38,3168.46,627.06,3161.65
658.jpg,1205.08,3237.82,1052.76,3319.42,997,3319.42,854.19,3109.97,685.54,3173.89,637.94,3161.65
659.jpg,1221.41,3240.54,1073.16,3312.62,1018.76,3316.7,865.07,3112.69,700.51,3176.62,651.54,3167.09
660.jpg,1235.01,3240.54,1093.56,3311.26,1033.72,3309.9,867.79,3122.21,726.35,3172.54,673.3,3167.09
661.jpg,1245.89,3233.74,1112.6,3311.26,1047.32,3307.18,889.55,3105.89,739.95,3173.89,681.46,3164.37
662.jpg,1270.37,3236.46,1126.2,3312.62,1060.92,3313.98,901.79,3109.97,744.03,3176.62,686.91,3171.17
663.jpg,1283.97,3237.82,1119.4,3309.9,1056.84,3308.54,900.43,3115.41,750.83,3182.05,692.35,3167.09
664.jpg,1283.97,3241.9,1134.36,3313.98,1071.8,3313.98,908.59,3120.85,756.27,3180.7,699.15,3171.17
665.jpg,1319.33,3243.26,1146.6,3318.06,1077.24,3315.34,942.59,3126.29,758.99,3187.5,711.39,3190.22
666.jpg,1303.01,3240.54,1156.12,3312.62,1096.28,3312.62,915.39,3116.77,775.31,3177.97,720.91,3183.42
667.jpg,1317.97,3237.82,1156.12,3307.18,1103.08,3308.54,931.71,3114.05,782.11,3183.42,734.51,3183.42
668.jpg,1322.05,3231.02,1172.44,3311.26,1112.6,3311.26,938.51,3124.93,788.91,3183.42,742.67,3184.78
669.jpg,1331.57,3237.82,1176.52,3315.34,1118.04,3313.98,943.96,3122.21,794.35,3188.86,742.67,3187.5
670.jpg,1337.01,3232.38,1177.88,3309.9,1122.12,3313.98,950.75,3116.77,813.39,3183.42,761.71,3179.33
671.jpg,1354.69,3232.38,1199.64,3309.9,1137.08,3308.54,964.36,3120.85,824.27,3182.05,764.43,3177.97
672.jpg,1341.09,3232.38,1201,3305.82,1150.68,3307.18,963,3116.77,828.35,3184.78,769.87,3176.62
673.jpg,1351.97,3229.66,1213.25,3303.1,1162.92,3303.1,977.96,3112.69,837.87,3180.7,784.83,3176.62
674.jpg,1380.53,3232.38,1228.21,3304.46,1175.16,3305.82,984.76,3116.77,835.15,3183.42,790.27,3180.7
675.jpg,1373.73,3224.22,1229.57,3304.46,1177.88,3303.1,980.68,3105.89,836.51,3182.05,792.99,3180.7
676.jpg,1377.81,3228.3,1251.33,3307.18,1191.48,3307.18,987.48,3116.77,847.39,3180.7,801.15,3177.97
677.jpg,1415.89,3213.34,1281.25,3294.94,1220.04,3303.1,1002.44,3115.41,859.63,3177.97,816.11,3182.05
678.jpg,1440.37,3207.9,1297.57,3297.66,1240.45,3300.38,1011.96,3108.61,863.71,3176.62,816.11,3177.97
679.jpg,1489.34,3183.42,1342.45,3292.22,1275.81,3301.74,1018.76,3112.69,873.23,3177.97,822.91,3173.89
680.jpg,1500.22,3179.33,1375.09,3290.86,1322.05,3303.1,1020.12,3107.25,874.59,3172.54,837.87,3172.54
681.jpg,1520.62,3177.97,1383.25,3282.7,1319.33,3299.02,1024.2,3105.89,881.39,3173.89,831.07,3173.89
682.jpg,1545.1,3158.93,1407.73,3284.06,1356.05,3305.82,1017.4,3105.89,892.27,3167.09,832.43,3171.17
683.jpg,1572.3,3153.49,1463.49,3271.82,1398.21,3290.86,1029.64,3109.97,899.07,3168.46,840.59,3165.73
684.jpg,1603.58,3145.33,1498.86,3263.66,1433.57,3288.14,1032.36,3111.33,893.63,3169.81,846.03,3164.37
685.jpg,1630.78,3124.93,1521.98,3252.78,1475.74,3271.82,1037.8,3105.89,907.23,3165.73,850.11,3165.73
686.jpg,1664.78,3119.49,1550.54,3248.7,1504.3,3271.82,1036.44,3111.33,896.35,3165.73,848.75,3172.54
687.jpg,1664.78,3124.93,1547.82,3247.34,1500.22,3269.1,1033.72,3118.13,900.43,3168.46,852.83,3163.01
688.jpg,1686.54,3108.61,1583.18,3237.82,1534.22,3256.86,1039.16,3119.49,907.23,3169.81,855.55,3171.17
689.jpg,1713.74,3104.53,1618.54,3225.58,1557.34,3250.06,1040.52,3114.05,924.91,3163.01,862.35,3163.01
690.jpg,1738.22,3088.21,1645.74,3220.14,1589.98,3250.06,1054.12,3118.13,923.55,3168.46,866.43,3169.81
691.jpg,1766.79,3092.29,1659.34,3216.06,1610.38,3248.7,1047.32,3116.77,941.23,3165.73,878.67,3163.01
692.jpg,1768.15,3092.29,1670.22,3225.58,1619.9,3245.98,1047.32,3118.13,922.19,3169.81,866.43,3171.17
693.jpg,1779.03,3082.77,1678.38,3210.62,1623.98,3244.62,1060.92,3109.97,926.27,3171.17,873.23,3171.17
694.jpg,1792.63,3084.13,1689.26,3221.5,1640.3,3243.26,1059.56,3130.37,922.19,3171.17,874.59,3173.89
695.jpg,1779.03,3088.21,1685.18,3228.3,1644.38,3248.7,1058.2,3114.05,918.11,3171.17,878.67,3171.17
696.jpg,1795.35,3097.73,1691.98,3233.74,1647.1,3255.5,1059.56,3119.49,914.03,3173.89,874.59,3180.7
697.jpg,1796.71,3103.17,1693.34,3232.38,1649.82,3255.5,1059.56,3124.93,924.91,3179.33,881.39,3179.33
698.jpg,1806.23,3095.01,1705.58,3244.62,1657.98,3266.38,1055.48,3137.17,924.91,3180.7,885.47,3182.05
699.jpg,1808.95,3101.81,1691.98,3248.7,1656.62,3270.46,1063.64,3123.57,923.55,3177.97,882.75,3177.97
700.jpg,1806.23,3107.25,1701.5,3254.14,1655.26,3274.54,1063.64,3127.65,933.07,3183.42,884.11,3183.42
701.jpg,1821.19,3114.05,1702.86,3258.22,1659.34,3282.7,1071.8,3127.65,933.07,3182.05,886.83,3182.05
702.jpg,1810.31,3118.13,1691.98,3263.66,1652.54,3285.42,1078.6,3135.81,949.4,3182.05,896.35,3180.7
703.jpg,1808.95,3130.37,1694.7,3270.46,1655.26,3299.02,1065,3133.09,928.99,3187.5,894.99,3187.5
704.jpg,1815.75,3146.69,1702.86,3273.18,1657.98,3299.02,1097.64,3139.89,943.96,3192.94,900.43,3195.66
705.jpg,1813.03,3152.13,1705.58,3281.34,1656.62,3300.38,1075.88,3130.37,948.04,3188.86,896.35,3184.78
706.jpg,1795.35,3146.69,1700.14,3289.5,1662.06,3307.18,1069.08,3138.53,946.67,3186.14,901.79,3184.78
707.jpg,1802.15,3160.29,1705.58,3307.18,1670.22,3323.5,1077.24,3139.89,949.4,3192.94,899.07,3192.94
708.jpg,1803.51,3187.5,1708.3,3313.98,1675.66,3331.66,1077.24,3141.25,954.83,3195.66,905.87,3195.66
709.jpg,1807.59,3168.46,1723.26,3312.62,1674.3,3331.66,1077.24,3157.57,954.83,3192.94,908.59,3192.94
710.jpg,1806.23,3182.05,1724.62,3316.7,1672.94,3337.1,1081.32,3158.93,967.08,3202.46,914.03,3198.38
711.jpg,1804.87,3187.5,1725.98,3319.42,1672.94,3331.66,1082.68,3142.61,963,3203.82,909.95,3206.54
712.jpg,1808.95,3197.02,1721.9,3320.78,1678.38,3337.1,1082.68,3149.41,953.48,3199.74,907.23,3201.1
713.jpg,1814.39,3198.38,1719.18,3324.86,1675.66,3339.82,1094.92,3153.49,957.56,3206.54,912.67,3209.26
714.jpg,1826.63,3205.18,1723.26,3326.22,1678.38,3339.82,1088.12,3148.05,954.84,3203.82,911.31,3207.9
715.jpg,1822.55,3207.9,1727.34,3324.86,1681.1,3342.54,1077.24,3148.05,965.72,3203.82,916.75,3209.26
716.jpg,1836.15,3201.1,1740.95,3324.86,1689.26,3347.98,1093.56,3145.33,965.72,3210.62,922.19,3209.26
717.jpg,1832.07,3209.26,1738.22,3326.22,1690.62,3339.82,1093.56,3152.13,960.28,3209.26,919.47,3209.26
718.jpg,1842.95,3209.26,1746.38,3328.94,1697.42,3341.18,1089.48,3158.93,971.16,3209.26,927.63,3209.26
719.jpg,1857.91,3213.34,1750.46,3328.94,1694.7,3337.1,1088.12,3149.41,982.04,3207.9,930.35,3211.98
720.jpg,1866.07,3224.22,1759.99,3334.38,1705.58,3342.54,1094.92,3143.97,982.04,3210.62,934.43,3213.34
721.jpg,1889.19,3236.46,1762.71,3331.66,1715.1,3347.98,1088.12,3149.41,986.12,3210.62,941.23,3207.9
722.jpg,1878.31,3237.82,1773.59,3334.38,1712.38,3349.34,1099,3133.09,987.48,3201.1,939.88,3207.9
723.jpg,1887.83,3229.66,1769.51,3334.38,1708.3,3358.86,1105.8,3119.49,987.48,3197.02,935.79,3209.26
724.jpg,1878.31,3243.26,1764.07,3338.46,1712.38,3354.78,1104.44,3120.85,982.04,3198.38,939.88,3202.46
725.jpg,1891.91,3244.62,1777.67,3339.82,1716.46,3350.7,1109.88,3100.45,1001.08,3180.7,954.83,3180.7
726.jpg,1897.35,3248.7,1773.59,3342.54,1721.9,3354.78,1131.64,3095.01,1031,3165.73,977.96,3175.25
727.jpg,1895.99,3258.22,1777.67,3341.18,1721.9,3352.06,1168.36,3086.85,1059.56,3160.29,1014.68,3168.46
728.jpg,1897.35,3260.94,1779.03,3342.54,1723.26,3346.62,1206.45,3085.49,1112.6,3154.85,1056.84,3161.65
729.jpg,1905.51,3250.06,1795.35,3335.74,1730.06,3349.34,1209.17,3084.13,1113.96,3149.41,1059.56,3157.57
730.jpg,2138.57,1944.16,2049.76,1967.19,1947.78,2003.37,2105.68,1911.27,2016.86,1940.87,1944.49,1960.61
731.jpg,2135.28,1944.16,2033.31,1977.06,1947.78,2003.37,2095.81,1907.98,2026.73,1940.87,1937.91,1960.61
732.jpg,2125.41,1957.32,2026.73,1980.35,1941.2,2013.24,2092.52,1914.56,2006.99,1950.74,1937.91,1967.19
733.jpg,2125.41,1950.74,2026.73,1980.35,1944.49,2003.37,2102.39,1907.98,2013.57,1947.45,1944.49,1970.48
734.jpg,2128.7,1960.61,2026.73,1980.35,1941.2,2013.24,2066.2,1911.27,2003.7,1950.74,1937.91,1977.06
735.jpg,2115.54,1960.61,2006.99,1990.22,1944.49,2019.82,2089.23,1907.98,2006.99,1947.45,1928.04,1973.77
736.jpg,1947.78,2013.24,2125.41,1954.03,2030.02,1986.93,2059.62,1907.98,1993.83,1950.74,1931.33,1973.77
737.jpg,2066.2,1950.74,1974.1,1996.79,1931.33,2009.95,2046.47,1907.98,1957.65,1967.19,1914.89,1970.48
738.jpg,2066.2,1937.58,1967.52,1990.22,1928.04,2006.66,2056.33,1901.4,1960.94,1963.9,1924.75,1973.77
739.jpg,2085.94,1940.87,2010.28,1977.06,1934.62,2009.95,2053.04,1904.69,1987.26,1947.45,1914.89,1970.48
740.jpg,2069.49,1934.29,1967.52,1986.93,1928.04,1996.79,2036.6,1898.11,1960.94,1957.32,1924.75,1960.61
741.jpg,2076.07,1944.16,1970.81,1990.22,1931.33,2000.08,2033.31,1898.11,1951.07,1950.74,1918.18,1963.9
742.jpg,2076.07,1937.58,1967.52,1983.64,1937.91,1996.79,2033.31,1881.66,1944.49,1950.74,1905.02,1957.32
743.jpg,2085.94,1931,1974.1,1983.64,1937.91,2003.37,2026.73,1868.5,1934.62,1950.74,1911.6,1957.32
744.jpg,2076.07,1944.16,1967.52,1990.22,1931.33,2003.37,2026.73,1865.22,1957.65,1937.58,1905.02,1954.03
745.jpg,2089.23,1937.58,1977.39,1986.93,1941.2,2000.08,2000.41,1852.06,1918.18,1937.58,1878.7,1954.03
746.jpg,2082.65,1931,1987.26,1996.79,1941.2,2000.08,1964.23,1852.06,1875.41,1924.43,1829.36,1944.16
747.jpg,2092.52,1931,1987.26,1993.51,1951.07,2003.37,1918.18,1875.08,1806.33,1944.16,1773.44,1954.03
748.jpg,2089.23,1940.87,1980.68,1996.79,1951.07,2013.24,1845.81,1875.08,1747.12,1957.32,1710.94,1960.61
749.jpg,2089.23,1940.87,1990.54,2000.08,1951.07,2009.95,1773.44,1884.95,1668.18,1950.74,1635.28,1954.03
750.jpg,2095.81,1934.29,1997.12,1996.79,1951.07,2013.24,1783.31,1868.5,1664.89,1957.32,1628.7,1957.32
751.jpg,2089.23,1944.16,1987.26,1990.22,1954.36,2009.95,1720.81,1865.22,1592.52,1947.45,1559.62,1950.74
752.jpg,2095.81,1931,1980.68,1993.51,1944.49,2006.66,1648.44,1848.77,1533.31,1944.16,1500.41,1947.45
753.jpg,2089.23,1944.16,1983.97,1996.79,1944.49,2013.24,1599.1,1848.77,1483.96,1931,1444.49,1940.87
754.jpg,2095.81,1934.29,1990.54,1990.22,1947.78,2009.95,1562.91,1829.03,1441.2,1924.43,1398.44,1927.72
755.jpg,2092.52,1934.29,1983.97,1996.79,1947.78,2013.24,1539.89,1819.16,1424.75,1917.85,1381.99,1924.43
756.jpg,2099.1,1931,1987.26,1990.22,1937.91,2003.37,1539.89,1819.16,1418.17,1924.43,1378.7,1927.72
757.jpg,2085.94,1934.29,1983.97,1993.51,1944.49,2003.37,1523.44,1812.58,1411.6,1924.43,1352.38,1931
758.jpg,2095.81,1931,1997.12,1986.93,1951.07,2006.66,1500.41,1822.45,1388.57,1931.01,1349.1,1950.74
759.jpg,2099.1,1924.43,1993.83,1983.64,1957.65,2003.37,1487.25,1822.45,1385.28,1931,1335.94,1950.74
760.jpg,2095.81,1937.58,1997.12,1983.64,1951.07,2006.66,1497.12,1822.45,1385.28,1944.16,1349.1,1954.03
761.jpg,2102.39,1921.14,2000.41,1980.35,1957.65,1993.51,1497.12,1838.9,1395.15,1950.74,1358.96,1967.19
762.jpg,2099.1,1917.85,2003.7,1977.06,1960.94,2003.37,1483.96,1852.06,1388.57,1957.32,1349.1,1960.61
763.jpg,2095.81,1911.27,2006.99,1980.35,1957.65,2000.08,1503.7,1845.48,1405.02,1957.32,1365.54,1957.32
764.jpg,1513.57,1865.22,1398.44,1954.03,1358.96,1957.32,2099.1,1911.27,2016.86,1970.48,1974.1,1990.22
765.jpg,2105.68,1911.27,2013.57,1977.06,1980.68,1993.51,1513.57,1858.64,1405.02,1950.74,1372.12,1950.74
766.jpg,2108.97,1881.66,2023.44,1963.9,1980.68,1983.64,1510.28,1865.22,1408.31,1940.87,1372.12,1940.87
767.jpg,2118.83,1875.08,2033.31,1960.61,1990.54,1983.64,1523.44,1865.22,1414.88,1944.16,1372.12,1944.16
768.jpg,2112.26,1878.37,2026.73,1960.61,1990.54,1977.06,1523.44,1868.51,1418.17,1947.45,1385.28,1947.45
769.jpg,2105.68,1871.79,2039.89,1950.74,2003.7,1973.77,1523.44,1868.5,1421.46,1937.58,1375.41,1937.58
770.jpg,1516.86,1881.66,1424.75,1931,1385.28,1940.87,2095.81,1858.64,2039.89,1954.03,2000.41,1963.9
771.jpg,2108.97,1852.06,2039.89,1954.03,2000.41,1963.9,1523.44,1875.08,1428.04,1934.29,1385.28,1934.29
772.jpg,2102.39,1865.22,2036.6,1954.03,1993.83,1973.77,1536.6,1871.79,1424.75,1934.29,1378.7,1937.58
773.jpg,2115.54,1855.35,2036.6,1947.45,1997.12,1970.48,1523.44,1871.79,1434.62,1934.29,1385.28,1944.16
774.jpg,2108.97,1855.35,2049.76,1944.16,1997.12,1970.48,1530.02,1871.79,1434.62,1937.58,1381.99,1934.29
775.jpg,2128.7,1838.9,2066.2,1940.87,2023.44,1963.9,1536.6,1871.79,1424.75,1934.29,1385.28,1940.87
776.jpg,2174.76,1829.03,2118.83,1931,2076.07,1944.16,1520.15,1884.95,1428.04,1937.58,1388.57,1944.16
777.jpg,2230.68,1812.58,2174.76,1921.14,2138.57,1944.16,1536.6,1875.08,1431.33,1944.16,1391.86,1944.16
778.jpg,2266.86,1789.56,2256.99,1904.69,2220.81,1947.45,1543.17,1884.95,1444.49,1940.87,1401.73,1950.74
779.jpg,2322.78,1776.4,2326.07,1907.98,2296.47,1950.74,1539.89,1891.53,1451.07,1944.16,1391.86,1947.45
780.jpg,2329.36,1779.69,2319.49,1924.43,2289.89,1950.74,1536.6,1884.95,1437.91,1944.16,1401.73,1954.03
781.jpg,2372.12,1773.11,2381.99,1914.56,2365.55,1950.74,1536.6,1898.11,1437.91,1957.32,1398.44,1947.45
782.jpg,2398.44,1766.53,2424.76,1914.56,2414.89,1940.87,1536.6,1901.4,1441.2,1957.32,1401.73,1954.03
783.jpg,2411.6,1786.27,2451.07,1901.4,2434.62,1940.87,1543.17,1891.53,1437.91,1957.32,1391.86,1957.32
784.jpg,2408.31,1779.69,2451.07,1911.27,2437.91,1963.9,1536.6,1894.82,1437.91,1954.03,1405.02,1957.32
785.jpg,2421.47,1812.58,2451.07,1934.29,2434.62,1980.35,1536.6,1888.24,1451.07,1950.74,1405.02,1960.61
786.jpg,2418.18,1799.43,2454.36,1921.14,2441.2,1977.06,1539.89,1891.53,1437.91,1957.32,1401.73,1950.74
787.jpg,2421.47,1825.74,2464.23,1937.58,2434.62,1980.35,1536.6,1878.37,1437.91,1950.74,1391.86,1950.74
788.jpg,2437.92,1825.74,2470.81,1940.87,2434.62,1970.48,1533.31,1871.79,1428.04,1944.16,1391.86,1944.16
789.jpg,2454.36,1832.32,2470.81,1950.74,2421.47,1973.77,1520.15,1881.66,1431.33,1937.58,1391.86,1944.16
790.jpg,2454.36,1845.48,2464.23,1937.58,2424.76,1967.19,1526.73,1878.37,1434.62,1934.29,1388.57,1944.16
791.jpg,2464.23,1845.48,2467.52,1944.16,2424.76,1970.48,1526.73,1884.95,1434.62,1947.45,1385.28,1950.74
792.jpg,2503.7,1835.61,2464.23,1937.58,2428.05,1977.06,1530.02,1878.37,1428.04,1934.29,1381.99,1947.45
793.jpg,2480.68,1842.19,2477.39,1947.45,2424.76,1960.61,1516.86,1884.95,1431.33,1944.16,1378.7,1947.45
794.jpg,2487.26,1845.48,2467.52,1950.74,2424.76,1970.48,1526.73,1878.37,1434.62,1944.16,1388.57,1950.74
795.jpg,2490.55,1845.48,2464.23,1947.45,2418.18,1963.9,1523.44,1875.08,1424.75,1947.45,1378.7,1950.74
796.jpg,2487.26,1845.48,2460.94,1947.45,2421.47,1967.19,1526.73,1884.95,1414.88,1950.74,1385.28,1954.03
797.jpg,2497.12,1842.19,2464.23,1950.74,2424.76,1970.48,1513.57,1878.37,1428.04,1937.58,1381.99,1947.45
798.jpg,2483.97,1852.06,2464.23,1944.16,2411.6,1970.48,1516.86,1884.95,1424.75,1937.58,1385.28,1950.74
799.jpg,2497.12,1855.35,2457.65,1947.45,2414.89,1967.19,1516.86,1878.37,1424.75,1944.16,1381.99,1944.16
800.jpg,2490.55,1852.06,2477.39,1944.16,2418.18,1967.19,1523.44,1868.5,1424.75,1937.58,1378.7,1947.45
801.jpg,2490.55,1845.48,2460.94,1944.16,2418.18,1963.9,1516.86,1868.51,1421.46,1937.58,1381.99,1944.16
802.jpg,2477.39,1842.19,2470.81,1944.16,2418.18,1963.9,1523.44,1861.93,1424.75,1934.29,1378.7,1937.58
803.jpg,2470.81,1835.61,2470.81,1937.58,2421.47,1963.9,1523.44,1868.5,1428.04,1940.87,1375.41,1937.58
804.jpg,2477.39,1822.45,2464.23,1944.16,2434.62,1963.9,1526.73,1868.5,1428.04,1937.58,1378.7,1937.58
805.jpg,2460.94,1832.32,2464.23,1944.16,2418.18,1967.19,1513.57,1868.5,1424.75,1934.29,1378.7,1950.74
806.jpg,2467.52,1806,2470.81,1921.14,2441.2,1960.61,1533.31,1865.22,1424.75,1944.16,1378.7,1954.03
807.jpg,2477.39,1799.43,2497.12,1898.11,2460.94,1947.45,1523.44,1871.79,1424.75,1944.16,1372.12,1954.03
808.jpg,2503.7,1779.69,2516.86,1901.4,2483.97,1947.45,1520.15,1865.22,1411.6,1944.16,1365.54,1950.74
809.jpg,2493.84,1796.14,2530.02,1907.98,2516.86,1947.45,1513.57,1871.79,1414.88,1940.87,1358.96,1957.32
810.jpg,2490.55,1792.85,2526.73,1911.27,2503.7,1957.32,1520.15,1861.93,1428.04,1944.16,1368.83,1950.74
811.jpg,2480.68,1812.58,2526.73,1921.14,2506.99,1967.19,1520.15,1871.79,1418.17,1937.58,1368.83,1954.03
812.jpg,2490.55,1838.9,2533.31,1931,2500.41,1973.77,1513.57,1868.5,1421.46,1937.58,1368.83,1950.74
813.jpg,2510.28,1832.32,2543.18,1940.87,2493.84,1963.9,1520.15,1881.66,1428.04,1944.16,1368.83,1947.45
814.jpg,2526.73,1835.61,2543.18,1940.87,2500.42,1970.48,1520.15,1861.93,1424.75,1934.29,1372.12,1944.16
815.jpg,2536.6,1838.9,2556.34,1944.16,2500.42,1963.9,1520.15,1871.79,1421.46,1937.58,1372.12,1944.16
816.jpg,2530.02,1832.32,2556.34,1944.16,2510.28,1963.9,1516.86,1865.22,1428.04,1937.58,1385.28,1954.03
817.jpg,2539.89,1825.74,2549.76,1937.58,2513.57,1960.61,1516.86,1868.5,1424.75,1937.58,1372.12,1944.16
818.jpg,2546.47,1832.32,2553.05,1931,2503.7,1967.19,1530.02,1871.79,1444.49,1921.14,1388.57,1937.58
819.jpg,2553.05,1832.32,2559.63,1944.16,2513.57,1963.9,1520.15,1858.64,1431.33,1931,1381.99,1940.87
820.jpg,2549.76,1842.19,2559.63,1940.87,2513.57,1967.19,1526.73,1852.06,1437.91,1934.29,1378.7,1944.16
821.jpg,2566.2,1822.45,2553.05,1931,2513.57,1960.61,1523.44,1865.22,1431.33,1924.43,1381.99,1944.16
822.jpg,2572.78,1819.16,2559.63,1937.58,2513.57,1970.48,1520.15,1855.35,1434.62,1931,1378.7,1940.87
823.jpg,2569.49,1832.32,2566.2,1937.58,2516.86,1957.32,1526.73,1865.22,1428.04,1940.87,1378.7,1944.16
824.jpg,2566.2,1829.03,2556.34,1940.87,2513.57,1963.9,1530.02,1852.06,1428.04,1927.72,1372.12,1944.16
