25.jpg,1927.66,1212.75,1815.27,1407.37,1779.63,1475.91,1733.03,1681.5,1853.65,1810.34,1949.59,1815.82
55.jpg,1532.92,1919.99,1661.76,2021.41,1741.26,2021.41,1623.38,1396.41,1552.11,1563.62,1574.04,1656.83
59.jpg,1146.41,1722.62,1075.14,1944.66,1119.0,1991.26,2078.43,1802.11,2193.56,1900.8,2297.73,1887.09
48.jpg,2083.91,1604.74,2182.6,1777.44,2253.87,1799.37,1258.8,1744.55,1294.44,1963.85,1362.97,1974.81
27.jpg,2116.81,1319.65,2081.17,1527.99,2138.74,1596.52,1574.04,1621.19,1628.87,1796.63,1730.29,1810.34
45.jpg,1713.84,1311.43,1568.56,1412.86,1546.63,1500.58,1826.24,1865.16,1974.26,1955.62,2051.02,1963.85
30.jpg,2484.13,1621.19,2645.87,1684.24,2769.22,1645.86,1354.74,1286.76,1228.65,1462.2,1242.35,1549.92
11.jpg,2116.81,1648.6,2327.88,1714.39,2418.34,1681.5,929.85,1262.09,798.27,1445.75,790.05,1541.7
2.jpg,998.38,1166.15,847.61,1275.79,757.15,1369.0,1760.45,1697.95,1924.92,1774.7,2040.05,1807.59
57.jpg,1330.07,1865.16,1417.79,2018.67,1500.03,2040.6,1754.96,1533.47,1779.63,1750.03,1837.2,1793.89
7.jpg,1744.0,1396.41,1754.96,1571.85,1787.86,1640.38,1003.86,1654.09,1110.77,1862.42,1228.65,1862.42
66.jpg,1853.65,1593.78,1839.94,1769.22,1894.77,1821.3,1264.28,1944.66,1349.26,2089.94,1453.43,2095.42
47.jpg,1952.33,1484.13,1949.59,1678.76,1996.19,1722.62,1387.64,1793.89,1494.55,1963.85,1568.56,1966.59
39.jpg,1415.05,1549.92,1371.19,1741.8,1417.79,1818.56,2289.5,1618.45,2418.34,1722.62,2486.87,1739.06
62.jpg,1393.12,1440.27,1239.61,1481.39,1173.82,1533.47,1908.47,2010.45,2045.53,2084.46,2122.29,2092.68
9.jpg,1919.44,1500.58,2037.31,1667.79,2122.29,1697.95,927.11,1571.85,949.04,1845.97,1064.17,1867.9
19.jpg,1231.39,1382.7,1160.11,1588.3,1179.3,1676.02,2338.85,1602.0,2506.06,1684.24,2604.75,1654.09
38.jpg,1412.31,1538.95,1382.15,1750.03,1415.05,1826.78,2289.5,1632.16,2401.89,1733.58,2481.39,1739.06
42.jpg,1436.98,1284.02,1267.02,1344.33,1195.75,1440.27,2264.83,1845.97,2434.79,1917.24,2527.99,1900.8
63.jpg,1401.34,1432.05,1234.13,1492.35,1168.34,1541.7,1908.47,1999.48,2059.24,2089.94,2136.0,2084.46
43.jpg,1582.26,1286.76,1401.34,1355.29,1346.52,1404.63,2061.98,1867.9,2226.46,1963.85,2303.21,1963.85
29.jpg,2423.83,1500.58,2527.99,1654.09,2602.0,1673.27,1382.16,1418.34,1291.69,1615.71,1319.11,1714.39
31.jpg,2451.24,1686.98,2615.71,1752.77,2706.17,1725.36,1434.24,1190.82,1308.14,1286.76,1291.69,1379.96
1.jpg,853.1,1220.97,718.78,1429.3,677.66,1511.54,1955.07,1686.98,2133.25,1741.8,2226.46,1769.22
13.jpg,1853.65,1714.39,1985.23,1793.89,2108.58,1807.59,1338.29,1111.32,1234.13,1207.26,1187.53,1281.28
36.jpg,1656.28,1700.69,1760.45,1862.42,1842.68,1873.38,1996.19,1336.1,2023.6,1566.37,2094.88,1612.97
5.jpg,1395.86,1190.82,1264.28,1322.4,1228.65,1379.96,1341.04,1747.29,1513.73,1843.23,1642.57,1845.97
65.jpg,1683.69,1475.91,1595.97,1615.71,1554.85,1697.95,1464.39,1980.29,1563.08,2089.94,1656.28,2100.91
44.jpg,1700.14,1311.43,1563.08,1421.08,1546.63,1475.91,1820.75,1865.16,1949.59,1958.36,2048.28,1963.85
50.jpg,2237.42,1771.96,2404.64,1829.52,2503.32,1799.37,1110.77,1459.46,962.75,1618.45,970.97,1700.69
53.jpg,1987.97,1887.09,2138.74,1980.29,2212.75,1983.03,1354.74,1286.76,1214.94,1371.74,1171.08,1456.72
40.jpg,1316.37,1451.23,1242.35,1632.16,1280.73,1722.62,2404.64,1730.84,2580.08,1788.41,2681.5,1760.99
52.jpg,2166.15,1832.27,2325.14,1884.35,2390.93,1876.13,1209.46,1338.84,1053.21,1443.01,1031.28,1519.76
17.jpg,1343.78,1593.78,1426.01,1777.44,1521.96,1788.41,1941.37,1369.0,1998.93,1552.66,2083.91,1615.71
37.jpg,1532.92,1637.64,1574.04,1870.64,1648.05,1876.13,2144.22,1503.32,2174.37,1643.12,2251.13,1684.24
58.jpg,1220.42,1804.85,1223.16,2021.41,1291.69,2059.79,1916.7,1689.72,1968.78,1826.78,2045.53,1856.94
18.jpg,1286.21,1519.76,1258.8,1725.36,1332.81,1791.15,2141.48,1489.61,2215.49,1623.93,2308.69,1670.53
0.jpg,800.08,1335.61,780.34,1575.74,786.92,1674.43,1964.56,1602.06,2161.93,1671.14,2273.77,1700.74
23.jpg,1590.49,1135.99,1445.2,1220.97,1382.15,1273.05,2149.7,1695.2,2314.17,1769.22,2418.34,1810.34
33.jpg,2294.99,1722.62,2445.75,1829.52,2527.99,1835.01,1617.9,1103.1,1486.32,1201.78,1439.72,1308.69
56.jpg,1335.55,1856.94,1439.72,2026.89,1500.03,2035.12,1744.0,1547.18,1785.12,1739.06,1837.2,1785.67
32.jpg,2300.47,1730.84,2445.75,1824.04,2538.96,1840.49,1606.94,1119.54,1475.36,1229.19,1431.5,1314.17
35.jpg,1864.61,1747.29,1987.97,1848.71,2070.21,1862.42,1883.8,1218.23,1820.75,1390.93,1853.65,1486.87
28.jpg,2281.28,1418.34,2347.07,1604.74,2429.31,1640.38,1458.91,1533.47,1428.76,1730.84,1491.8,1807.59
54.jpg,1763.19,1909.02,1916.7,2002.22,1982.49,2007.71,1519.22,1305.95,1404.08,1415.6,1376.67,1486.87
12.jpg,2029.09,1714.39,2182.6,1785.67,2294.99,1780.18,1102.55,1152.44,949.04,1305.95,929.85,1401.89
21.jpg,1245.09,1275.79,1113.51,1421.08,1110.77,1508.8,2415.6,1667.79,2618.45,1719.88,2736.33,1656.83
49.jpg,2204.53,1692.46,2316.92,1793.89,2404.64,1804.85,1140.93,1615.71,1055.95,1799.37,1080.62,1884.35
61.jpg,1214.94,1467.68,1044.98,1544.44,998.38,1615.71,2089.39,1985.78,2231.94,2040.6,2347.07,1996.74
6.jpg,1546.63,1314.17,1480.84,1484.13,1486.32,1552.66,1151.89,1719.88,1299.92,1854.2,1426.01,1851.45
15.jpg,1656.28,1692.46,1801.56,1777.44,1911.21,1788.41,1552.11,1133.25,1469.87,1281.28,1461.65,1363.51
3.jpg,1020.31,1157.92,866.8,1281.28,757.15,1371.74,1765.93,1697.95,1938.63,1774.7,2040.05,1813.08
68.jpg,2127.77,1802.11,2242.9,1911.76,2319.66,1909.02,1055.95,1739.06,973.71,1911.76,973.71,1983.03
51.jpg,2240.16,1766.48,2412.86,1826.78,2495.1,1791.15,1113.51,1456.72,976.45,1599.26,973.71,1695.2
64.jpg,1571.3,1437.53,1409.57,1538.95,1395.86,1618.45,1689.17,1985.78,1812.53,2095.42,1894.77,2084.46
24.jpg,1785.12,1155.18,1661.76,1242.9,1612.42,1294.98,1941.37,1692.46,2067.46,1802.11,2188.08,1815.82
70.jpg,2182.6,1895.31,2349.81,1963.85,2440.27,1925.47,1094.33,1580.07,968.23,1678.76,954.52,1785.67
34.jpg,2094.88,1744.55,2215.49,1840.49,2308.69,1843.23,1771.41,1133.25,1656.28,1286.76,1639.83,1366.26
14.jpg,1659.02,1692.46,1798.82,1774.7,1913.96,1791.15,1557.59,1127.77,1475.36,1267.57,1453.43,1374.48
16.jpg,1478.1,1681.5,1628.87,1771.96,1722.07,1785.67,1776.89,1251.12,1716.59,1470.42,1749.48,1555.4
67.jpg,1998.93,1700.69,2037.31,1848.71,2089.39,1884.35,1140.93,1867.9,1121.74,2043.34,1160.11,2106.39
26.jpg,2100.36,1325.14,2081.17,1533.47,2136.0,1599.26,1552.11,1623.93,1659.02,1815.82,1738.52,1802.11
4.jpg,1203.97,1138.73,1069.65,1234.68,987.42,1297.72,1543.89,1725.36,1724.81,1813.08,1839.94,1840.49
46.jpg,1845.42,1396.41,1722.07,1530.73,1735.77,1645.86,1560.33,1848.71,1711.1,1972.07,1823.49,1969.33
